OrderID,Order_Date,CustomerID,Customer_Name,Region,Product,Category,Quantity,UnitPrice,Discount,Sales,Payment Mode,Sales Rep
1,01-01-2024,C101,Anjali,North,Table,Furniture,3,1000,0.1,2700,UPI,Arjun
2,01-01-2024,C102,Vikram,East,Phone,Electronic,1,20000,0.05,19000,UPI,Meena
3,01-01-2024,C101,Priya,South,Table,Furniture,5,5000,0,25000,UPI,Meena
4,02-01-2024,C102,Vikram,North,Tablet,Electronic,1,2500,0,2500,CASH,Meena
5,02-01-2024,C105,Priya,South,Tablet,Electronic,5,2500,0,12500,CASH,Ramesh
6,03-01-2024,C101,Vikram,North,Chair,Furniture,4,5000,0.05,19000,CASH,Sita
7,03-01-2024,C101,Ravi,North,Laptop,Electronic,1,20000,0.05,19000,UPI,Arjun
8,03-01-2024,C101,Ravi,West,Tablet,Electronic,1,2500,0,2500,UPI,Ramesh
9,03-01-2024,C104,Anjali,South,Table,Furniture,2,1000,0.05,1900,UPI,Arjun
10,03-01-2024,C103,Vikram,East,Phone,Electronic,5,20000,0,100000,CASH,Meena
11,04-01-2024,C103,Vikram,West,Chair,Furniture,1,1000,0.05,950,CASH,Arjun
12,04-01-2024,C101,Priya,East,Printer,Electronic,2,1000,0.15,1700,CASH,Arjun
13,04-01-2024,C103,Priya,North,Phone,Electronic,2,20000,0.05,38000,CARD,Meena
14,04-01-2024,C102,Sneha,North,Printer,Electronic,3,20000,0.15,51000,CARD,Arjun
15,05-01-2024,C101,Priya,West,Tablet,Electronic,1,20000,0,20000,UPI,Arjun
16,05-01-2024,C101,Priya,West,Laptop,Electronic,1,1000,0.1,900,UPI,Meena
17,05-01-2024,C103,Vikram,West,Shirt,Clothing,1,1000,0.05,950,CASH,Arjun
18,06-01-2024,C105,Sneha,West,Tablet,Electronic,2,2500,0.05,4750,UPI,Arjun
19,06-01-2024,C105,Priya,North,Chair,Furniture,1,5000,0.15,4250,UPI,Ramesh
20,06-01-2024,C105,Vikram,North,Printer,Electronic,4,10000,0.15,34000,CARD,Ramesh
21,06-01-2024,C105,Priya,North,Printer,Electronic,3,1000,0,3000,CARD,Meena
22,07-01-2024,C104,Sneha,East,Table,Furniture,2,20000,0,40000,CARD,Ramesh
23,07-01-2024,C102,Ravi,South,Table,Furniture,2,5000,0.05,9500,CASH,Meena
24,07-01-2024,C103,Anjali,South,Laptop,Electronic,4,2500,0,10000,CARD,Sita
25,08-01-2024,C105,Vikram,West,Table,Furniture,4,2500,0,10000,UPI,Arjun
26,08-01-2024,C103,Ravi,North,Phone,Electronic,3,2500,0.15,6375,UPI,Arjun
27,09-01-2024,C104,Ravi,East,Tablet,Electronic,2,1000,0.15,1700,CARD,Meena
28,09-01-2024,C105,Vikram,North,Laptop,Electronic,2,5000,0.15,8500,UPI,Ramesh
29,09-01-2024,C104,Anjali,South,Shirt,Clothing,5,2500,0,12500,CASH,Arjun
30,09-01-2024,C101,Vikram,North,Phone,Electronic,3,10000,0.1,27000,CARD,Meena
31,10-01-2024,C105,Priya,North,Chair,Furniture,1,1000,0,1000,CARD,Sita
32,10-01-2024,C104,Priya,South,Tablet,Electronic,2,2500,0.05,4750,UPI,Sita
33,11-01-2024,C104,Vikram,North,Tablet,Electronic,5,20000,0.15,85000,CARD,Meena
34,11-01-2024,C104,Priya,South,Shirt,Clothing,4,5000,0.1,18000,CASH,Sita
35,11-01-2024,C105,Vikram,North,Shirt,Clothing,1,20000,0.15,17000,CASH,Meena
36,12-01-2024,C102,Vikram,South,Tablet,Electronic,4,2500,0,10000,UPI,Ramesh
37,12-01-2024,C101,Vikram,North,Chair,Furniture,2,1000,0,2000,UPI,Arjun
38,12-01-2024,C104,Priya,North,Printer,Electronic,2,5000,0.1,9000,CARD,Arjun
39,12-01-2024,C101,Vikram,North,Chair,Furniture,3,1000,0,3000,CARD,Ramesh
40,12-01-2024,C105,Sneha,North,Shirt,Clothing,1,1000,0.15,850,CARD,Meena
41,12-01-2024,C101,Priya,West,Tablet,Electronic,5,1000,0,5000,CARD,Ramesh
42,13-01-2024,C101,Ravi,South,Laptop,Electronic,3,20000,0.05,57000,CASH,Arjun
43,13-01-2024,C103,Vikram,North,Laptop,Electronic,2,20000,0.05,38000,CASH,Ramesh
44,13-01-2024,C102,Anjali,South,Chair,Furniture,4,5000,0.05,19000,UPI,Arjun
45,14-01-2024,C104,Anjali,West,Printer,Electronic,2,20000,0.05,38000,CARD,Arjun
46,14-01-2024,C103,Anjali,North,Laptop,Electronic,2,5000,0.1,9000,CARD,Sita
47,15-01-2024,C102,Anjali,South,Laptop,Electronic,5,10000,0.15,42500,UPI,Arjun
48,15-01-2024,C103,Sneha,North,Table,Furniture,2,2500,0.1,4500,UPI,Sita
49,17-01-2024,C104,Vikram,South,Table,Furniture,4,10000,0.05,38000,CASH,Meena
50,17-01-2024,C103,Sneha,South,Tablet,Electronic,1,10000,0.1,9000,UPI,Arjun
51,17-01-2024,C104,Ravi,West,Tablet,Electronic,4,2500,0,10000,UPI,Ramesh
52,17-01-2024,C104,Vikram,South,Chair,Furniture,1,10000,0.05,9500,CARD,Arjun
53,18-01-2024,C105,Vikram,West,Table,Furniture,4,1000,0.1,3600,UPI,Meena
54,18-01-2024,C101,Priya,North,Tablet,Electronic,4,5000,0,20000,UPI,Ramesh
55,19-01-2024,C102,Anjali,South,Chair,Furniture,1,10000,0.05,9500,UPI,Ramesh
56,19-01-2024,C102,Priya,West,Table,Furniture,5,1000,0.05,4750,CARD,Ramesh
57,20-01-2024,C102,Anjali,West,Printer,Electronic,1,1000,0.1,900,CARD,Meena
58,20-01-2024,C103,Vikram,North,Printer,Electronic,2,1000,0.1,1800,UPI,Sita
59,20-01-2024,C101,Sneha,South,Table,Furniture,1,1000,0.15,850,UPI,Arjun
60,20-01-2024,C103,Vikram,North,Tablet,Electronic,1,20000,0.15,17000,CASH,Ramesh
61,21-01-2024,C105,Vikram,North,Tablet,Electronic,3,20000,0.05,57000,UPI,Meena
62,21-01-2024,C103,Vikram,East,Chair,Furniture,4,2500,0.15,8500,UPI,Meena
63,21-01-2024,C105,Sneha,South,Chair,Furniture,1,20000,0.15,17000,CARD,Ramesh
64,21-01-2024,C103,Sneha,South,Laptop,Electronic,5,1000,0.1,4500,UPI,Ramesh
65,21-01-2024,C101,Anjali,South,Printer,Electronic,3,2500,0.15,6375,CARD,Arjun
66,21-01-2024,C101,Priya,West,Laptop,Electronic,1,5000,0.15,4250,UPI,Meena
67,21-01-2024,C104,Sneha,North,Shirt,Clothing,4,1000,0,4000,UPI,Meena
68,22-01-2024,C102,Priya,West,Shirt,Clothing,5,1000,0.15,4250,CARD,Meena
69,23-01-2024,C103,Ravi,South,Table,Furniture,3,2500,0.05,7125,UPI,Sita
70,23-01-2024,C105,Sneha,North,Chair,Furniture,5,10000,0,50000,CARD,Sita
71,24-01-2024,C105,Anjali,East,Shirt,Clothing,2,5000,0.1,9000,CARD,Arjun
72,25-01-2024,C102,Ravi,North,Tablet,Electronic,2,20000,0,40000,CARD,Sita
73,25-01-2024,C104,Vikram,East,Printer,Electronic,1,10000,0,10000,UPI,Ramesh
74,25-01-2024,C102,Priya,West,Tablet,Electronic,1,10000,0.05,9500,CARD,Ramesh
75,26-01-2024,C103,Anjali,East,Laptop,Electronic,5,5000,0.05,23750,CASH,Arjun
76,26-01-2024,C103,Anjali,East,Printer,Electronic,1,20000,0.1,18000,CARD,Arjun
77,27-01-2024,C105,Ravi,East,Shirt,Clothing,1,2500,0.05,2375,UPI,Sita
78,27-01-2024,C101,Priya,South,Table,Furniture,1,10000,0.15,8500,UPI,Sita
79,28-01-2024,C102,Sneha,North,Laptop,Electronic,1,1000,0.05,950,CASH,Ramesh
80,28-01-2024,C102,Sneha,East,Phone,Electronic,3,5000,0.05,14250,UPI,Ramesh
81,28-01-2024,C103,Anjali,East,Phone,Electronic,2,20000,0,40000,CARD,Sita
82,28-01-2024,C102,Anjali,West,Table,Furniture,1,20000,0.05,19000,CARD,Arjun
83,28-01-2024,C103,Ravi,West,Printer,Electronic,5,10000,0.1,45000,CASH,Meena
84,29-01-2024,C103,Vikram,South,Chair,Furniture,2,1000,0,2000,UPI,Arjun
85,29-01-2024,C102,Vikram,North,Shirt,Clothing,4,20000,0.15,68000,CARD,Sita
86,29-01-2024,C102,Sneha,North,Printer,Electronic,1,20000,0.15,17000,CASH,Sita
87,29-01-2024,C102,Ravi,East,Printer,Electronic,5,5000,0.05,23750,CASH,Sita
88,29-01-2024,C102,Vikram,South,Shirt,Clothing,3,20000,0,60000,CARD,Ramesh
89,30-01-2024,C102,Ravi,East,Printer,Electronic,4,20000,0.1,72000,UPI,Ramesh
90,30-01-2024,C105,Sneha,North,Phone,Electronic,5,20000,0,100000,UPI,Meena
91,31-01-2024,C102,Anjali,West,Chair,Furniture,4,2500,0,10000,UPI,Sita
92,31-01-2024,C102,Priya,East,Printer,Electronic,1,2500,0.15,2125,CASH,Meena
93,01-02-2024,C105,Priya,North,Tablet,Electronic,5,10000,0.05,47500,UPI,Ramesh
94,01-02-2024,C105,Sneha,East,Tablet,Electronic,3,5000,0.15,12750,CARD,Ramesh
95,01-02-2024,C105,Vikram,North,Laptop,Electronic,1,20000,0.1,18000,UPI,Meena
96,02-02-2024,C104,Sneha,North,Printer,Electronic,2,5000,0.15,8500,CARD,Meena
97,02-02-2024,C103,Priya,West,Table,Furniture,1,5000,0.1,4500,CARD,Sita
98,02-02-2024,C102,Vikram,West,Printer,Electronic,5,10000,0,50000,CARD,Arjun
99,02-02-2024,C102,Ravi,North,Table,Furniture,2,1000,0.1,1800,UPI,Arjun
100,02-02-2024,C101,Vikram,East,Phone,Electronic,1,10000,0.05,9500,UPI,Arjun
101,03-02-2024,C102,Sneha,South,Printer,Electronic,5,20000,0.15,85000,UPI,Arjun
102,03-02-2024,C104,Vikram,West,Phone,Electronic,2,10000,0.05,19000,UPI,Sita
103,04-02-2024,C104,Priya,South,Table,Furniture,1,1000,0.1,900,UPI,Sita
104,04-02-2024,C102,Priya,North,Shirt,Clothing,5,20000,0,100000,CARD,Sita
105,04-02-2024,C101,Ravi,North,Shirt,Clothing,3,2500,0.1,6750,CARD,Sita
106,04-02-2024,C105,Sneha,South,Table,Furniture,4,20000,0,80000,CARD,Arjun
107,06-02-2024,C102,Priya,South,Printer,Electronic,4,5000,0.05,19000,CARD,Meena
108,07-02-2024,C105,Anjali,East,Table,Furniture,3,1000,0.15,2550,UPI,Meena
109,07-02-2024,C101,Ravi,West,Shirt,Clothing,2,5000,0.1,9000,CARD,Meena
110,08-02-2024,C103,Ravi,South,Table,Furniture,1,1000,0.1,900,CARD,Meena
111,08-02-2024,C103,Priya,North,Phone,Electronic,4,10000,0.05,38000,UPI,Meena
112,09-02-2024,C101,Vikram,North,Shirt,Clothing,5,10000,0.15,42500,CASH,Ramesh
113,09-02-2024,C102,Anjali,South,Phone,Electronic,5,10000,0,50000,CARD,Meena
114,09-02-2024,C101,Anjali,West,Tablet,Electronic,4,5000,0,20000,CARD,Meena
115,09-02-2024,C101,Ravi,North,Printer,Electronic,2,10000,0.15,17000,UPI,Arjun
116,10-02-2024,C103,Sneha,West,Table,Furniture,4,2500,0.1,9000,CARD,Meena
117,10-02-2024,C102,Sneha,North,Table,Furniture,5,1000,0.05,4750,CARD,Ramesh
118,10-02-2024,C105,Ravi,North,Laptop,Electronic,1,10000,0.15,8500,CARD,Ramesh
119,11-02-2024,C104,Priya,West,Phone,Electronic,1,5000,0.05,4750,CARD,Arjun
120,11-02-2024,C104,Sneha,West,Chair,Furniture,3,10000,0,30000,UPI,Ramesh
121,12-02-2024,C105,Priya,North,Laptop,Electronic,1,20000,0.1,18000,UPI,Meena
122,13-02-2024,C105,Ravi,North,Laptop,Electronic,5,1000,0,5000,UPI,Meena
123,13-02-2024,C102,Anjali,North,Printer,Electronic,3,20000,0.05,57000,UPI,Sita
124,13-02-2024,C105,Anjali,North,Tablet,Electronic,3,10000,0.15,25500,UPI,Arjun
125,14-02-2024,C101,Ravi,East,Phone,Electronic,4,2500,0.1,9000,CARD,Ramesh
126,14-02-2024,C102,Anjali,South,Chair,Furniture,5,10000,0,50000,CASH,Sita
127,14-02-2024,C103,Anjali,North,Phone,Electronic,4,2500,0,10000,UPI,Meena
128,14-02-2024,C102,Vikram,South,Printer,Electronic,3,2500,0.15,6375,CARD,Meena
129,14-02-2024,C104,Anjali,East,Chair,Furniture,3,2500,0.05,7125,UPI,Arjun
130,14-02-2024,C105,Sneha,West,Table,Furniture,3,20000,0.1,54000,UPI,Arjun
131,15-02-2024,C105,Vikram,North,Phone,Electronic,2,5000,0,10000,UPI,Arjun
132,15-02-2024,C103,Sneha,West,Shirt,Clothing,1,20000,0,20000,UPI,Arjun
133,15-02-2024,C105,Ravi,West,Tablet,Electronic,4,5000,0,20000,UPI,Arjun
134,15-02-2024,C104,Ravi,North,Laptop,Electronic,4,2500,0,10000,CASH,Ramesh
135,15-02-2024,C102,Priya,West,Printer,Electronic,1,1000,0.05,950,CASH,Arjun
136,16-02-2024,C102,Vikram,East,Tablet,Electronic,2,5000,0.1,9000,UPI,Meena
137,16-02-2024,C102,Vikram,West,Printer,Electronic,2,20000,0.15,34000,UPI,Sita
138,17-02-2024,C104,Vikram,South,Chair,Furniture,2,5000,0,10000,CASH,Sita
139,18-02-2024,C102,Ravi,East,Tablet,Electronic,5,5000,0.1,22500,UPI,Ramesh
140,18-02-2024,C103,Priya,South,Shirt,Clothing,1,2500,0.15,2125,CARD,Ramesh
141,18-02-2024,C104,Priya,East,Laptop,Electronic,5,1000,0,5000,CARD,Meena
142,18-02-2024,C104,Vikram,South,Chair,Furniture,5,20000,0.1,90000,UPI,Sita
143,18-02-2024,C104,Sneha,North,Printer,Electronic,2,2500,0,5000,CASH,Arjun
144,18-02-2024,C105,Sneha,South,Laptop,Electronic,1,1000,0,1000,CARD,Sita
145,20-02-2024,C104,Vikram,South,Laptop,Electronic,3,5000,0.1,13500,UPI,Ramesh
146,20-02-2024,C105,Sneha,East,Tablet,Electronic,4,20000,0.05,76000,CASH,Sita
147,20-02-2024,C103,Priya,North,Table,Furniture,4,2500,0.15,8500,CARD,Ramesh
148,20-02-2024,C101,Anjali,North,Printer,Electronic,5,20000,0.05,95000,CARD,Ramesh
149,21-02-2024,C103,Vikram,South,Laptop,Electronic,1,1000,0.05,950,UPI,Sita
150,21-02-2024,C101,Vikram,North,Shirt,Clothing,1,5000,0.05,4750,CASH,Ramesh
151,21-02-2024,C104,Anjali,North,Shirt,Clothing,4,1000,0.1,3600,CARD,Meena
152,22-02-2024,C103,Vikram,North,Tablet,Electronic,1,1000,0,1000,CARD,Meena
153,22-02-2024,C102,Priya,South,Laptop,Electronic,1,5000,0.05,4750,CARD,Ramesh
154,23-02-2024,C103,Sneha,North,Chair,Furniture,1,20000,0.05,19000,CASH,Ramesh
155,23-02-2024,C101,Anjali,South,Table,Furniture,2,5000,0.05,9500,CARD,Ramesh
156,24-02-2024,C102,Anjali,North,Table,Furniture,2,5000,0.05,9500,UPI,Meena
157,24-02-2024,C103,Ravi,South,Laptop,Electronic,1,20000,0.05,19000,CASH,Sita
158,26-02-2024,C102,Priya,South,Printer,Electronic,1,2500,0.15,2125,UPI,Ramesh
159,26-02-2024,C104,Sneha,North,Laptop,Electronic,2,1000,0.05,1900,CARD,Sita
160,26-02-2024,C102,Priya,East,Tablet,Electronic,3,2500,0.05,7125,CARD,Meena
161,26-02-2024,C101,Anjali,West,Printer,Electronic,5,20000,0.1,90000,UPI,Sita
162,27-02-2024,C103,Ravi,South,Printer,Electronic,1,1000,0.1,900,CARD,Meena
163,27-02-2024,C104,Vikram,South,Laptop,Electronic,4,20000,0.1,72000,CARD,Meena
164,28-02-2024,C105,Sneha,West,Phone,Electronic,2,20000,0.1,36000,UPI,Arjun
165,28-02-2024,C102,Priya,North,Phone,Electronic,4,20000,0.15,68000,UPI,Meena
166,29-02-2024,C105,Vikram,East,Table,Furniture,1,10000,0.05,9500,UPI,Arjun
167,29-02-2024,C103,Ravi,East,Table,Furniture,5,20000,0,100000,UPI,Ramesh
168,29-02-2024,C101,Priya,North,Laptop,Electronic,1,1000,0.05,950,CASH,Meena
169,29-02-2024,C101,Anjali,North,Printer,Electronic,2,1000,0.05,1900,UPI,Sita
170,01-03-2024,C102,Sneha,North,Phone,Electronic,1,20000,0.15,17000,CARD,Ramesh
171,02-03-2024,C105,Ravi,West,Laptop,Electronic,3,10000,0.05,28500,CARD,Arjun
172,02-03-2024,C102,Ravi,East,Table,Furniture,5,2500,0.1,11250,UPI,Meena
173,02-03-2024,C105,Vikram,East,Tablet,Electronic,5,2500,0.05,11875,CARD,Ramesh
174,02-03-2024,C103,Ravi,West,Printer,Electronic,5,20000,0,100000,CASH,Ramesh
175,03-03-2024,C105,Vikram,South,Shirt,Clothing,2,20000,0.05,38000,UPI,Sita
176,03-03-2024,C104,Vikram,South,Shirt,Clothing,1,20000,0.1,18000,CASH,Ramesh
177,05-03-2024,C104,Priya,South,Phone,Electronic,5,10000,0.15,42500,CASH,Sita
178,05-03-2024,C101,Sneha,North,Table,Furniture,1,10000,0,10000,UPI,Arjun
179,05-03-2024,C103,Anjali,South,Tablet,Electronic,1,10000,0.15,8500,CASH,Ramesh
180,06-03-2024,C103,Vikram,West,Shirt,Clothing,4,10000,0.05,38000,CARD,Arjun
181,06-03-2024,C105,Vikram,North,Chair,Furniture,5,2500,0.1,11250,CARD,Sita
182,06-03-2024,C102,Priya,North,Shirt,Clothing,1,2500,0,2500,CASH,Meena
183,07-03-2024,C105,Priya,South,Phone,Electronic,1,10000,0,10000,UPI,Ramesh
184,07-03-2024,C103,Sneha,North,Phone,Electronic,1,1000,0,1000,CARD,Sita
185,08-03-2024,C101,Priya,East,Shirt,Clothing,2,1000,0.05,1900,CARD,Sita
186,08-03-2024,C103,Sneha,North,Phone,Electronic,1,20000,0.05,19000,CASH,Sita
187,09-03-2024,C101,Ravi,East,Shirt,Clothing,1,2500,0.1,2250,CARD,Ramesh
188,09-03-2024,C101,Sneha,North,Chair,Furniture,4,2500,0.1,9000,CASH,Meena
189,09-03-2024,C103,Ravi,North,Chair,Furniture,2,1000,0,2000,CARD,Sita
190,10-03-2024,C105,Anjali,East,Tablet,Electronic,3,10000,0,30000,UPI,Ramesh
191,10-03-2024,C101,Vikram,North,Table,Furniture,5,20000,0.15,85000,CARD,Meena
192,11-03-2024,C102,Ravi,West,Tablet,Electronic,1,20000,0,20000,CARD,Meena
193,13-03-2024,C101,Vikram,North,Laptop,Electronic,1,2500,0.05,2375,CASH,Meena
194,13-03-2024,C103,Sneha,East,Phone,Electronic,2,2500,0.15,4250,CARD,Meena
195,14-03-2024,C104,Vikram,East,Phone,Electronic,1,1000,0,1000,CARD,Arjun
196,16-03-2024,C102,Ravi,South,Tablet,Electronic,5,2500,0,12500,UPI,Arjun
197,16-03-2024,C104,Priya,West,Printer,Electronic,5,1000,0.15,4250,CASH,Arjun
198,16-03-2024,C104,Vikram,South,Tablet,Electronic,2,5000,0.15,8500,UPI,Arjun
199,17-03-2024,C102,Vikram,North,Laptop,Electronic,3,10000,0.05,28500,UPI,Arjun
200,17-03-2024,C105,Priya,East,Laptop,Electronic,3,1000,0.15,2550,CASH,Sita
201,17-03-2024,C103,Vikram,North,Chair,Furniture,4,1000,0.15,3400,CASH,Sita
202,17-03-2024,C103,Sneha,South,Shirt,Clothing,2,10000,0.1,18000,UPI,Sita
203,19-03-2024,C103,Sneha,West,Chair,Furniture,4,5000,0.1,18000,UPI,Arjun
204,20-03-2024,C101,Priya,South,Laptop,Electronic,5,2500,0.05,11875,CARD,Meena
205,21-03-2024,C101,Sneha,West,Laptop,Electronic,5,1000,0.1,4500,CARD,Meena
206,21-03-2024,C104,Anjali,East,Table,Furniture,1,20000,0.15,17000,UPI,Arjun
207,22-03-2024,C104,Priya,West,Phone,Electronic,4,10000,0.1,36000,CARD,Arjun
208,22-03-2024,C104,Anjali,South,Phone,Electronic,5,1000,0.1,4500,CARD,Meena
209,22-03-2024,C104,Priya,South,Table,Furniture,5,2500,0.1,11250,CASH,Arjun
210,23-03-2024,C101,Sneha,North,Phone,Electronic,3,1000,0.1,2700,CASH,Sita
211,23-03-2024,C105,Ravi,East,Chair,Furniture,1,20000,0,20000,CARD,Meena
212,23-03-2024,C105,Vikram,West,Laptop,Electronic,2,10000,0.1,18000,CASH,Ramesh
213,23-03-2024,C105,Ravi,South,Tablet,Electronic,1,20000,0.05,19000,UPI,Sita
214,23-03-2024,C102,Ravi,South,Phone,Electronic,1,10000,0,10000,UPI,Meena
215,24-03-2024,C103,Ravi,West,Laptop,Electronic,1,10000,0.1,9000,CARD,Ramesh
216,24-03-2024,C102,Sneha,North,Table,Furniture,3,2500,0.1,6750,UPI,Ramesh
217,25-03-2024,C101,Sneha,South,Chair,Furniture,4,10000,0.1,36000,CARD,Sita
218,25-03-2024,C105,Sneha,East,Shirt,Clothing,2,10000,0.1,18000,UPI,Ramesh
219,25-03-2024,C101,Ravi,North,Laptop,Electronic,1,10000,0,10000,CARD,Ramesh
220,25-03-2024,C105,Priya,North,Shirt,Clothing,1,2500,0.05,2375,UPI,Ramesh
221,27-03-2024,C101,Anjali,North,Laptop,Electronic,5,5000,0.05,23750,UPI,Arjun
222,28-03-2024,C104,Ravi,East,Phone,Electronic,4,10000,0,40000,UPI,Sita
223,28-03-2024,C101,Priya,South,Table,Furniture,2,1000,0.15,1700,UPI,Meena
224,28-03-2024,C101,Ravi,South,Chair,Furniture,3,10000,0.05,28500,UPI,Meena
225,29-03-2024,C101,Anjali,North,Shirt,Clothing,4,2500,0.1,9000,CARD,Ramesh
226,29-03-2024,C104,Sneha,East,Tablet,Electronic,2,10000,0.15,17000,CASH,Arjun
227,29-03-2024,C102,Anjali,West,Printer,Electronic,5,5000,0.05,23750,UPI,Arjun
228,29-03-2024,C104,Priya,East,Tablet,Electronic,2,5000,0.1,9000,CARD,Sita
229,30-03-2024,C101,Anjali,West,Printer,Electronic,5,1000,0.15,4250,UPI,Meena
230,30-03-2024,C101,Sneha,East,Table,Furniture,2,5000,0.1,9000,CASH,Sita
231,30-03-2024,C104,Anjali,East,Chair,Furniture,4,10000,0.05,38000,CARD,Ramesh
232,31-03-2024,C103,Vikram,South,Tablet,Electronic,1,10000,0.15,8500,CARD,Meena
233,31-03-2024,C102,Sneha,South,Table,Furniture,1,1000,0,1000,UPI,Meena
234,01-04-2024,C104,Ravi,South,Shirt,Clothing,1,1000,0.1,900,UPI,Meena
235,01-04-2024,C102,Anjali,North,Shirt,Clothing,1,20000,0.05,19000,CASH,Ramesh
236,01-04-2024,C105,Sneha,South,Printer,Electronic,1,20000,0.1,18000,UPI,Meena
237,01-04-2024,C102,Priya,South,Shirt,Clothing,3,10000,0.05,28500,CARD,Sita
238,02-04-2024,C105,Priya,South,Laptop,Electronic,5,20000,0.05,95000,CARD,Arjun
239,02-04-2024,C103,Sneha,East,Table,Furniture,2,5000,0.1,9000,CARD,Sita
240,02-04-2024,C102,Sneha,South,Laptop,Electronic,1,2500,0.05,2375,CASH,Sita
241,02-04-2024,C105,Anjali,South,Table,Furniture,1,2500,0,2500,CARD,Sita
242,03-04-2024,C101,Anjali,East,Laptop,Electronic,3,20000,0.15,51000,CASH,Ramesh
243,03-04-2024,C101,Ravi,East,Laptop,Electronic,2,20000,0.1,36000,UPI,Sita
244,03-04-2024,C103,Ravi,South,Laptop,Electronic,2,2500,0.1,4500,UPI,Meena
245,03-04-2024,C102,Vikram,South,Chair,Furniture,1,10000,0.1,9000,CARD,Arjun
246,03-04-2024,C102,Anjali,South,Shirt,Clothing,1,2500,0.1,2250,UPI,Meena
247,03-04-2024,C105,Anjali,North,Phone,Electronic,1,5000,0.1,4500,CARD,Ramesh
248,05-04-2024,C102,Ravi,South,Table,Furniture,1,5000,0,5000,CASH,Arjun
249,05-04-2024,C103,Priya,West,Printer,Electronic,2,10000,0.15,17000,CARD,Meena
250,06-04-2024,C101,Ravi,North,Tablet,Electronic,3,2500,0.05,7125,CARD,Meena
251,06-04-2024,C105,Anjali,North,Phone,Electronic,3,1000,0,3000,UPI,Meena
252,07-04-2024,C105,Sneha,East,Chair,Furniture,2,1000,0.15,1700,CASH,Ramesh
253,07-04-2024,C101,Vikram,North,Printer,Electronic,3,20000,0.1,54000,UPI,Meena
254,07-04-2024,C103,Sneha,East,Phone,Electronic,1,20000,0.15,17000,UPI,Sita
255,07-04-2024,C105,Sneha,West,Phone,Electronic,5,2500,0.15,10625,UPI,Ramesh
256,08-04-2024,C103,Ravi,East,Shirt,Clothing,1,2500,0.05,2375,CARD,Meena
257,08-04-2024,C101,Ravi,East,Chair,Furniture,1,20000,0.15,17000,UPI,Sita
258,08-04-2024,C105,Ravi,West,Laptop,Electronic,1,2500,0,2500,CASH,Ramesh
259,10-04-2024,C101,Ravi,South,Shirt,Clothing,4,20000,0.05,76000,UPI,Sita
260,10-04-2024,C105,Priya,East,Table,Furniture,3,1000,0.15,2550,UPI,Arjun
261,11-04-2024,C105,Anjali,North,Shirt,Clothing,1,20000,0.15,17000,CARD,Ramesh
262,11-04-2024,C104,Sneha,North,Printer,Electronic,3,20000,0.15,51000,CARD,Sita
263,11-04-2024,C103,Sneha,South,Printer,Electronic,2,10000,0.1,18000,CASH,Ramesh
264,11-04-2024,C103,Ravi,East,Chair,Furniture,1,5000,0.05,4750,CASH,Ramesh
265,11-04-2024,C103,Sneha,North,Phone,Electronic,3,20000,0.1,54000,CARD,Ramesh
266,12-04-2024,C102,Vikram,South,Phone,Electronic,5,10000,0.15,42500,UPI,Arjun
267,13-04-2024,C101,Sneha,West,Printer,Electronic,4,2500,0,10000,CASH,Ramesh
268,13-04-2024,C105,Anjali,North,Laptop,Electronic,1,5000,0.05,4750,UPI,Sita
269,13-04-2024,C105,Priya,West,Table,Furniture,4,2500,0,10000,UPI,Sita
270,15-04-2024,C101,Ravi,South,Tablet,Electronic,1,10000,0,10000,UPI,Sita
271,15-04-2024,C105,Sneha,South,Printer,Electronic,1,1000,0.15,850,UPI,Arjun
272,15-04-2024,C102,Priya,South,Laptop,Electronic,3,20000,0.15,51000,CARD,Ramesh
273,15-04-2024,C103,Anjali,North,Table,Furniture,1,2500,0.15,2125,UPI,Arjun
274,17-04-2024,C102,Anjali,North,Laptop,Electronic,4,2500,0.05,9500,UPI,Meena
275,17-04-2024,C102,Anjali,West,Table,Furniture,2,5000,0.15,8500,UPI,Meena
276,18-04-2024,C102,Vikram,South,Printer,Electronic,4,20000,0.05,76000,CARD,Meena
277,18-04-2024,C104,Vikram,South,Phone,Electronic,4,2500,0.05,9500,UPI,Ramesh
278,18-04-2024,C102,Priya,South,Tablet,Electronic,5,10000,0.05,47500,CARD,Meena
279,18-04-2024,C102,Priya,East,Phone,Electronic,1,1000,0.15,850,UPI,Sita
280,19-04-2024,C101,Vikram,West,Laptop,Electronic,2,5000,0,10000,UPI,Arjun
281,19-04-2024,C104,Priya,North,Printer,Electronic,2,1000,0.1,1800,UPI,Meena
282,19-04-2024,C104,Ravi,North,Phone,Electronic,4,10000,0.1,36000,UPI,Ramesh
283,19-04-2024,C105,Sneha,South,Tablet,Electronic,5,20000,0.15,85000,CASH,Meena
284,20-04-2024,C101,Priya,West,Phone,Electronic,1,5000,0.15,4250,CASH,Arjun
285,20-04-2024,C104,Sneha,South,Chair,Furniture,1,1000,0.1,900,CARD,Arjun
286,20-04-2024,C102,Ravi,South,Shirt,Clothing,1,10000,0.05,9500,CARD,Arjun
287,21-04-2024,C102,Priya,South,Phone,Electronic,5,1000,0,5000,CARD,Sita
288,21-04-2024,C105,Vikram,West,Laptop,Electronic,1,5000,0.15,4250,CASH,Ramesh
289,22-04-2024,C105,Priya,South,Laptop,Electronic,2,1000,0.15,1700,UPI,Sita
290,22-04-2024,C105,Anjali,East,Phone,Electronic,2,1000,0.1,1800,CARD,Ramesh
291,23-04-2024,C105,Ravi,South,Printer,Electronic,4,20000,0.15,68000,UPI,Ramesh
292,23-04-2024,C101,Sneha,South,Laptop,Electronic,3,20000,0,60000,CASH,Arjun
293,23-04-2024,C101,Vikram,North,Chair,Furniture,5,20000,0,100000,UPI,Meena
294,24-04-2024,C104,Priya,North,Phone,Electronic,3,1000,0,3000,CASH,Sita
295,24-04-2024,C101,Vikram,West,Laptop,Electronic,2,2500,0,5000,CARD,Meena
296,24-04-2024,C102,Ravi,West,Shirt,Clothing,5,5000,0.05,23750,UPI,Sita
297,25-04-2024,C105,Ravi,North,Laptop,Electronic,2,2500,0.05,4750,CARD,Ramesh
298,26-04-2024,C104,Anjali,South,Printer,Electronic,2,5000,0,10000,CARD,Meena
299,26-04-2024,C102,Vikram,North,Table,Furniture,2,10000,0.1,18000,CARD,Meena
300,26-04-2024,C101,Priya,South,Printer,Electronic,1,5000,0.1,4500,UPI,Sita
301,27-04-2024,C102,Priya,North,Shirt,Clothing,2,1000,0.05,1900,UPI,Sita
302,27-04-2024,C105,Vikram,South,Tablet,Electronic,3,2500,0.15,6375,UPI,Ramesh
303,27-04-2024,C105,Ravi,West,Table,Furniture,4,5000,0.1,18000,CASH,Ramesh
304,27-04-2024,C102,Vikram,West,Laptop,Electronic,1,5000,0.05,4750,CARD,Ramesh
305,27-04-2024,C101,Sneha,South,Printer,Electronic,3,10000,0,30000,UPI,Sita
306,28-04-2024,C101,Anjali,West,Shirt,Clothing,4,5000,0.1,18000,UPI,Meena
307,28-04-2024,C104,Sneha,North,Chair,Furniture,2,10000,0.15,17000,CARD,Arjun
308,28-04-2024,C104,Sneha,West,Tablet,Electronic,2,2500,0.05,4750,UPI,Meena
309,28-04-2024,C105,Ravi,West,Laptop,Electronic,1,1000,0,1000,CARD,Sita
310,29-04-2024,C104,Anjali,South,Tablet,Electronic,2,20000,0.05,38000,CASH,Meena
311,29-04-2024,C103,Sneha,North,Printer,Electronic,3,20000,0.05,57000,UPI,Arjun
312,30-04-2024,C103,Ravi,South,Tablet,Electronic,1,1000,0.15,850,UPI,Meena
313,01-05-2024,C103,Ravi,South,Laptop,Electronic,2,1000,0.1,1800,UPI,Sita
314,01-05-2024,C102,Sneha,North,Printer,Electronic,4,10000,0.05,38000,UPI,Arjun
315,01-05-2024,C105,Ravi,West,Printer,Electronic,2,2500,0,5000,CARD,Arjun
316,01-05-2024,C105,Sneha,East,Phone,Electronic,1,10000,0.05,9500,CASH,Ramesh
317,02-05-2024,C104,Anjali,East,Shirt,Clothing,2,5000,0.1,9000,CARD,Sita
318,02-05-2024,C104,Anjali,South,Phone,Electronic,2,5000,0.1,9000,UPI,Arjun
319,02-05-2024,C102,Vikram,North,Printer,Electronic,3,20000,0.1,54000,CARD,Sita
320,02-05-2024,C102,Priya,North,Tablet,Electronic,2,5000,0,10000,CARD,Meena
321,02-05-2024,C105,Anjali,North,Laptop,Electronic,5,20000,0.15,85000,UPI,Ramesh
322,02-05-2024,C103,Sneha,North,Shirt,Clothing,5,10000,0.1,45000,UPI,Arjun
323,03-05-2024,C104,Vikram,West,Shirt,Clothing,1,5000,0,5000,UPI,Ramesh
324,04-05-2024,C102,Priya,North,Laptop,Electronic,4,20000,0,80000,CARD,Arjun
325,05-05-2024,C105,Ravi,East,Shirt,Clothing,4,2500,0,10000,UPI,Arjun
326,05-05-2024,C101,Priya,North,Table,Furniture,3,20000,0,60000,UPI,Arjun
327,05-05-2024,C101,Anjali,West,Chair,Furniture,3,1000,0.15,2550,CASH,Arjun
328,05-05-2024,C104,Sneha,North,Chair,Furniture,5,10000,0.15,42500,UPI,Meena
329,06-05-2024,C101,Sneha,North,Printer,Electronic,2,10000,0.05,19000,UPI,Meena
330,06-05-2024,C101,Anjali,West,Table,Furniture,5,20000,0.15,85000,CARD,Sita
331,06-05-2024,C103,Anjali,North,Laptop,Electronic,1,20000,0.05,19000,CARD,Sita
332,06-05-2024,C102,Vikram,South,Chair,Furniture,2,5000,0.15,8500,CARD,Meena
333,06-05-2024,C104,Sneha,West,Tablet,Electronic,1,10000,0,10000,CARD,Ramesh
334,07-05-2024,C101,Anjali,South,Chair,Furniture,1,5000,0.15,4250,UPI,Sita
335,07-05-2024,C101,Vikram,North,Printer,Electronic,1,1000,0.15,850,UPI,Ramesh
336,08-05-2024,C103,Sneha,North,Table,Furniture,1,1000,0.05,950,UPI,Arjun
337,08-05-2024,C105,Sneha,West,Shirt,Clothing,4,1000,0,4000,CASH,Ramesh
338,09-05-2024,C104,Vikram,North,Tablet,Electronic,3,1000,0,3000,CARD,Sita
339,09-05-2024,C103,Anjali,North,Table,Furniture,1,1000,0,1000,CARD,Meena
340,10-05-2024,C102,Vikram,North,Table,Furniture,5,10000,0.15,42500,UPI,Arjun
341,10-05-2024,C105,Sneha,South,Table,Furniture,4,2500,0.15,8500,UPI,Arjun
342,11-05-2024,C105,Anjali,North,Phone,Electronic,1,10000,0.15,8500,UPI,Sita
343,11-05-2024,C104,Anjali,North,Printer,Electronic,3,5000,0.05,14250,CASH,Sita
344,11-05-2024,C104,Ravi,West,Shirt,Clothing,5,10000,0.1,45000,UPI,Arjun
345,11-05-2024,C102,Vikram,North,Phone,Electronic,2,1000,0.05,1900,CARD,Meena
346,11-05-2024,C105,Vikram,South,Laptop,Electronic,5,10000,0.15,42500,CARD,Arjun
347,12-05-2024,C104,Ravi,South,Shirt,Clothing,4,1000,0,4000,CARD,Sita
348,13-05-2024,C102,Anjali,North,Shirt,Clothing,1,5000,0.05,4750,CASH,Arjun
349,14-05-2024,C103,Ravi,North,Tablet,Electronic,3,1000,0,3000,CARD,Arjun
350,14-05-2024,C104,Anjali,South,Printer,Electronic,4,20000,0,80000,CASH,Arjun
351,14-05-2024,C105,Ravi,West,Table,Furniture,1,10000,0.1,9000,CASH,Ramesh
352,15-05-2024,C105,Vikram,North,Table,Furniture,2,20000,0.05,38000,CARD,Sita
353,15-05-2024,C101,Vikram,East,Shirt,Clothing,4,10000,0,40000,UPI,Ramesh
354,15-05-2024,C104,Ravi,West,Chair,Furniture,2,10000,0,20000,CASH,Ramesh
355,15-05-2024,C101,Sneha,West,Chair,Furniture,1,5000,0.15,4250,UPI,Arjun
356,16-05-2024,C104,Anjali,North,Tablet,Electronic,4,20000,0.1,72000,CARD,Sita
357,16-05-2024,C101,Priya,West,Chair,Furniture,5,2500,0,12500,UPI,Arjun
358,16-05-2024,C105,Priya,North,Phone,Electronic,1,1000,0.1,900,CARD,Ramesh
359,18-05-2024,C101,Vikram,North,Printer,Electronic,2,2500,0.05,4750,UPI,Arjun
360,18-05-2024,C102,Sneha,West,Printer,Electronic,5,10000,0.1,45000,UPI,Arjun
361,19-05-2024,C101,Vikram,North,Shirt,Clothing,1,20000,0,20000,UPI,Meena
362,19-05-2024,C105,Vikram,West,Phone,Electronic,5,2500,0.15,10625,CARD,Sita
363,19-05-2024,C101,Vikram,South,Chair,Furniture,2,10000,0,20000,CASH,Arjun
364,20-05-2024,C102,Vikram,East,Printer,Electronic,1,20000,0.15,17000,UPI,Sita
365,20-05-2024,C102,Sneha,East,Printer,Electronic,2,1000,0,2000,CARD,Sita
366,20-05-2024,C105,Ravi,South,Tablet,Electronic,2,5000,0.05,9500,CARD,Ramesh
367,21-05-2024,C101,Ravi,South,Shirt,Clothing,1,1000,0.1,900,CASH,Ramesh
368,21-05-2024,C105,Priya,South,Printer,Electronic,4,2500,0.05,9500,CARD,Ramesh
369,22-05-2024,C104,Vikram,North,Phone,Electronic,5,2500,0,12500,CARD,Ramesh
370,22-05-2024,C104,Sneha,South,Phone,Electronic,3,10000,0.05,28500,CASH,Meena
371,22-05-2024,C104,Anjali,North,Tablet,Electronic,2,20000,0,40000,CARD,Meena
372,23-05-2024,C101,Sneha,West,Phone,Electronic,4,2500,0.05,9500,UPI,Meena
373,23-05-2024,C105,Vikram,East,Shirt,Clothing,5,2500,0.1,11250,CARD,Arjun
374,23-05-2024,C104,Priya,South,Phone,Electronic,1,1000,0.15,850,CARD,Sita
375,23-05-2024,C103,Vikram,West,Laptop,Electronic,5,5000,0.1,22500,CARD,Sita
376,24-05-2024,C104,Sneha,South,Phone,Electronic,3,20000,0.15,51000,UPI,Sita
377,24-05-2024,C103,Anjali,South,Table,Furniture,1,20000,0,20000,CARD,Ramesh
378,24-05-2024,C102,Priya,West,Printer,Electronic,5,2500,0.05,11875,UPI,Meena
379,24-05-2024,C104,Priya,West,Tablet,Electronic,1,5000,0.15,4250,CARD,Meena
380,24-05-2024,C104,Anjali,North,Phone,Electronic,1,2500,0,2500,CASH,Meena
381,25-05-2024,C102,Ravi,East,Printer,Electronic,5,2500,0,12500,CASH,Ramesh
382,25-05-2024,C104,Sneha,North,Tablet,Electronic,5,10000,0.05,47500,CARD,Arjun
383,26-05-2024,C102,Ravi,South,Laptop,Electronic,1,20000,0,20000,UPI,Sita
384,26-05-2024,C102,Priya,North,Tablet,Electronic,2,5000,0,10000,UPI,Arjun
385,26-05-2024,C101,Anjali,West,Chair,Furniture,1,1000,0,1000,CARD,Sita
386,27-05-2024,C103,Ravi,West,Printer,Electronic,5,10000,0.15,42500,UPI,Arjun
387,27-05-2024,C104,Vikram,North,Tablet,Electronic,3,5000,0,15000,CARD,Sita
388,27-05-2024,C103,Vikram,North,Printer,Electronic,2,5000,0.05,9500,CARD,Arjun
389,27-05-2024,C101,Ravi,North,Printer,Electronic,4,20000,0.05,76000,CARD,Meena
390,27-05-2024,C103,Priya,North,Table,Furniture,3,5000,0.05,14250,UPI,Ramesh
391,28-05-2024,C105,Sneha,East,Tablet,Electronic,2,20000,0.05,38000,CASH,Arjun
392,29-05-2024,C104,Ravi,South,Shirt,Clothing,2,10000,0.1,18000,CASH,Arjun
393,29-05-2024,C103,Priya,North,Phone,Electronic,4,20000,0.05,76000,CARD,Arjun
394,29-05-2024,C102,Vikram,North,Chair,Furniture,1,1000,0,1000,CARD,Arjun
395,31-05-2024,C104,Priya,South,Phone,Electronic,1,1000,0.15,850,UPI,Arjun
396,02-06-2024,C102,Sneha,South,Chair,Furniture,3,5000,0.15,12750,CARD,Sita
397,03-06-2024,C103,Sneha,East,Chair,Furniture,1,20000,0.15,17000,CARD,Sita
398,03-06-2024,C102,Priya,East,Laptop,Electronic,5,1000,0,5000,CARD,Sita
399,04-06-2024,C101,Vikram,East,Laptop,Electronic,2,2500,0.1,4500,CARD,Sita
400,04-06-2024,C104,Priya,South,Shirt,Clothing,1,2500,0.15,2125,CARD,Sita
401,04-06-2024,C101,Anjali,West,Tablet,Electronic,3,5000,0.1,13500,CARD,Ramesh
402,04-06-2024,C103,Sneha,North,Chair,Furniture,4,20000,0.15,68000,UPI,Sita
403,04-06-2024,C102,Vikram,East,Shirt,Clothing,3,20000,0,60000,UPI,Meena
404,06-06-2024,C104,Vikram,West,Chair,Furniture,4,20000,0,80000,UPI,Sita
405,06-06-2024,C105,Priya,East,Laptop,Electronic,2,2500,0,5000,CARD,Meena
406,06-06-2024,C101,Sneha,East,Table,Furniture,1,2500,0.15,2125,CARD,Sita
407,07-06-2024,C105,Sneha,North,Chair,Furniture,4,2500,0,10000,UPI,Arjun
408,07-06-2024,C102,Sneha,North,Phone,Electronic,2,1000,0,2000,UPI,Meena
409,07-06-2024,C104,Anjali,South,Printer,Electronic,1,2500,0.05,2375,UPI,Meena
410,08-06-2024,C104,Ravi,North,Shirt,Clothing,5,10000,0.05,47500,CARD,Sita
411,09-06-2024,C105,Anjali,West,Chair,Furniture,3,2500,0.15,6375,UPI,Ramesh
412,09-06-2024,C102,Ravi,South,Tablet,Electronic,4,10000,0,40000,UPI,Sita
413,09-06-2024,C101,Vikram,South,Chair,Furniture,1,20000,0.15,17000,CARD,Meena
414,09-06-2024,C103,Sneha,South,Printer,Electronic,1,10000,0.15,8500,CARD,Sita
415,09-06-2024,C105,Anjali,North,Phone,Electronic,4,20000,0.15,68000,CARD,Ramesh
416,10-06-2024,C101,Sneha,East,Table,Furniture,1,10000,0,10000,CARD,Meena
417,11-06-2024,C102,Vikram,South,Tablet,Electronic,1,2500,0.05,2375,UPI,Ramesh
418,12-06-2024,C102,Sneha,West,Tablet,Electronic,3,20000,0,60000,CARD,Sita
419,13-06-2024,C103,Ravi,North,Chair,Furniture,1,5000,0.15,4250,CASH,Sita
420,13-06-2024,C103,Anjali,West,Shirt,Clothing,2,20000,0,40000,UPI,Sita
421,14-06-2024,C101,Anjali,West,Tablet,Electronic,4,10000,0.15,34000,CARD,Arjun
422,14-06-2024,C101,Ravi,North,Table,Furniture,2,20000,0,40000,UPI,Arjun
423,14-06-2024,C104,Sneha,South,Table,Furniture,1,5000,0.1,4500,CARD,Sita
424,15-06-2024,C104,Sneha,South,Phone,Electronic,5,1000,0.15,4250,UPI,Meena
425,16-06-2024,C103,Priya,East,Chair,Furniture,4,10000,0.1,36000,CASH,Meena
426,16-06-2024,C105,Priya,North,Phone,Electronic,2,20000,0.1,36000,CARD,Sita
427,17-06-2024,C104,Vikram,North,Chair,Furniture,4,5000,0,20000,UPI,Ramesh
428,17-06-2024,C105,Vikram,East,Laptop,Electronic,1,1000,0,1000,CASH,Arjun
429,20-06-2024,C105,Sneha,South,Printer,Electronic,1,2500,0.05,2375,UPI,Arjun
430,20-06-2024,C105,Anjali,East,Printer,Electronic,4,1000,0.15,3400,CARD,Ramesh
431,21-06-2024,C102,Priya,South,Tablet,Electronic,5,1000,0,5000,UPI,Ramesh
432,22-06-2024,C104,Anjali,South,Laptop,Electronic,3,20000,0,60000,CARD,Meena
433,23-06-2024,C104,Anjali,North,Table,Furniture,2,2500,0.15,4250,CASH,Sita
434,24-06-2024,C105,Vikram,South,Laptop,Electronic,4,20000,0,80000,UPI,Sita
435,24-06-2024,C102,Vikram,North,Phone,Electronic,1,20000,0.1,18000,UPI,Meena
436,25-06-2024,C103,Anjali,South,Laptop,Electronic,1,5000,0.1,4500,UPI,Meena
437,25-06-2024,C103,Anjali,South,Tablet,Electronic,1,5000,0.1,4500,UPI,Sita
438,26-06-2024,C101,Sneha,South,Phone,Electronic,4,1000,0.05,3800,CARD,Sita
439,27-06-2024,C103,Priya,East,Shirt,Clothing,4,20000,0.05,76000,CASH,Sita
440,27-06-2024,C105,Ravi,South,Tablet,Electronic,1,10000,0.05,9500,CASH,Arjun
441,28-06-2024,C103,Ravi,East,Shirt,Clothing,5,2500,0,12500,UPI,Ramesh
442,28-06-2024,C105,Sneha,North,Printer,Electronic,4,2500,0.1,9000,CASH,Meena
443,29-06-2024,C105,Sneha,South,Chair,Furniture,3,1000,0.15,2550,UPI,Arjun
444,29-06-2024,C104,Vikram,North,Tablet,Electronic,1,5000,0.15,4250,CASH,Sita
445,29-06-2024,C103,Sneha,North,Tablet,Electronic,3,5000,0.05,14250,UPI,Ramesh
446,29-06-2024,C103,Ravi,North,Laptop,Electronic,4,5000,0.15,17000,CARD,Ramesh
447,30-06-2024,C105,Priya,West,Phone,Electronic,3,10000,0.15,25500,CARD,Ramesh
448,30-06-2024,C104,Ravi,North,Shirt,Clothing,1,5000,0.05,4750,CARD,Sita
449,30-06-2024,C105,Vikram,North,Laptop,Electronic,1,20000,0.1,18000,CARD,Ramesh
450,03-07-2024,C104,Vikram,North,Chair,Furniture,5,20000,0.1,90000,UPI,Sita
451,03-07-2024,C101,Anjali,South,Table,Furniture,1,2500,0.05,2375,CARD,Sita
452,03-07-2024,C103,Sneha,South,Shirt,Clothing,2,1000,0.05,1900,CARD,Meena
453,03-07-2024,C102,Anjali,South,Laptop,Electronic,2,1000,0.15,1700,CARD,Arjun
454,04-07-2024,C102,Vikram,East,Laptop,Electronic,1,10000,0.1,9000,CASH,Sita
455,05-07-2024,C101,Priya,South,Tablet,Electronic,5,1000,0.05,4750,CARD,Ramesh
456,05-07-2024,C102,Priya,East,Shirt,Clothing,4,10000,0.05,38000,UPI,Ramesh
457,06-07-2024,C102,Priya,South,Printer,Electronic,4,1000,0.15,3400,UPI,Sita
458,06-07-2024,C102,Anjali,East,Chair,Furniture,4,2500,0.15,8500,CARD,Arjun
459,06-07-2024,C101,Ravi,East,Phone,Electronic,1,10000,0,10000,CARD,Meena
460,07-07-2024,C102,Vikram,North,Table,Furniture,1,10000,0.05,9500,UPI,Sita
461,07-07-2024,C105,Anjali,South,Shirt,Clothing,4,5000,0.1,18000,CASH,Ramesh
462,07-07-2024,C102,Ravi,West,Tablet,Electronic,2,1000,0.1,1800,UPI,Sita
463,08-07-2024,C103,Priya,South,Shirt,Clothing,2,2500,0.1,4500,CASH,Ramesh
464,08-07-2024,C105,Ravi,North,Phone,Electronic,3,10000,0.05,28500,UPI,Arjun
465,09-07-2024,C105,Vikram,South,Laptop,Electronic,5,1000,0.1,4500,CARD,Sita
466,09-07-2024,C103,Vikram,East,Table,Furniture,1,1000,0.1,900,UPI,Meena
467,09-07-2024,C102,Sneha,South,Shirt,Clothing,5,5000,0.05,23750,CASH,Meena
468,09-07-2024,C101,Anjali,South,Laptop,Electronic,2,1000,0.05,1900,UPI,Arjun
469,12-07-2024,C104,Ravi,South,Laptop,Electronic,2,10000,0.15,17000,UPI,Ramesh
470,12-07-2024,C105,Sneha,North,Chair,Furniture,2,20000,0,40000,CASH,Meena
471,13-07-2024,C105,Anjali,North,Chair,Furniture,1,1000,0.1,900,UPI,Sita
472,14-07-2024,C102,Ravi,East,Printer,Electronic,2,5000,0.05,9500,UPI,Sita
473,15-07-2024,C105,Anjali,South,Phone,Electronic,3,5000,0.1,13500,CASH,Sita
474,17-07-2024,C105,Ravi,North,Shirt,Clothing,4,10000,0.1,36000,CARD,Sita
475,17-07-2024,C104,Ravi,North,Phone,Electronic,1,5000,0,5000,CARD,Sita
476,17-07-2024,C103,Vikram,North,Phone,Electronic,5,5000,0.15,21250,UPI,Ramesh
477,18-07-2024,C102,Ravi,West,Shirt,Clothing,1,5000,0.1,4500,CASH,Sita
478,18-07-2024,C103,Sneha,North,Table,Furniture,5,2500,0.05,11875,UPI,Ramesh
479,18-07-2024,C105,Sneha,South,Printer,Electronic,1,2500,0.05,2375,CARD,Ramesh
480,18-07-2024,C101,Vikram,North,Table,Furniture,4,5000,0.15,17000,UPI,Meena
481,18-07-2024,C102,Vikram,South,Shirt,Clothing,1,10000,0,10000,CARD,Meena
482,18-07-2024,C103,Vikram,North,Laptop,Electronic,1,20000,0,20000,CARD,Sita
483,19-07-2024,C101,Anjali,North,Table,Furniture,1,5000,0,5000,UPI,Sita
484,20-07-2024,C101,Priya,East,Table,Furniture,1,20000,0,20000,CASH,Meena
485,20-07-2024,C104,Ravi,West,Chair,Furniture,3,5000,0.15,12750,UPI,Arjun
486,20-07-2024,C103,Priya,South,Laptop,Electronic,4,5000,0.15,17000,CASH,Sita
487,21-07-2024,C103,Vikram,South,Laptop,Electronic,4,5000,0,20000,CARD,Sita
488,21-07-2024,C104,Ravi,North,Phone,Electronic,1,2500,0.05,2375,CARD,Sita
489,22-07-2024,C102,Sneha,East,Table,Furniture,2,5000,0.05,9500,UPI,Ramesh
490,22-07-2024,C101,Anjali,East,Tablet,Electronic,4,2500,0.15,8500,UPI,Sita
491,23-07-2024,C102,Priya,East,Chair,Furniture,2,5000,0.05,9500,CARD,Meena
492,24-07-2024,C103,Sneha,South,Printer,Electronic,2,5000,0.05,9500,CARD,Arjun
493,24-07-2024,C101,Sneha,South,Shirt,Clothing,5,10000,0,50000,CARD,Ramesh
494,25-07-2024,C105,Vikram,North,Tablet,Electronic,5,10000,0.15,42500,UPI,Arjun
495,25-07-2024,C103,Vikram,West,Phone,Electronic,4,2500,0.15,8500,CARD,Sita
496,26-07-2024,C105,Vikram,East,Shirt,Clothing,1,10000,0.15,8500,CARD,Ramesh
497,26-07-2024,C105,Vikram,South,Chair,Furniture,1,1000,0,1000,UPI,Ramesh
498,26-07-2024,C101,Ravi,North,Shirt,Clothing,3,10000,0,30000,CARD,Ramesh
499,26-07-2024,C105,Ravi,South,Laptop,Electronic,4,2500,0,10000,CASH,Ramesh
500,27-07-2024,C105,Vikram,South,Laptop,Electronic,2,10000,0,20000,CARD,Arjun
501,27-07-2024,C101,Ravi,North,Shirt,Clothing,3,10000,0.1,27000,UPI,Arjun
502,27-07-2024,C105,Vikram,South,Table,Furniture,4,5000,0,20000,UPI,Arjun
503,28-07-2024,C105,Priya,North,Tablet,Electronic,3,20000,0.15,51000,UPI,Sita
504,28-07-2024,C103,Vikram,West,Printer,Electronic,2,1000,0,2000,CARD,Arjun
505,28-07-2024,C104,Anjali,South,Chair,Furniture,5,5000,0,25000,UPI,Sita
506,28-07-2024,C105,Ravi,East,Shirt,Clothing,5,5000,0.1,22500,CARD,Meena
507,28-07-2024,C103,Vikram,South,Tablet,Electronic,4,10000,0.1,36000,CARD,Meena
508,30-07-2024,C102,Sneha,South,Printer,Electronic,2,1000,0.1,1800,CARD,Meena
509,31-07-2024,C102,Anjali,South,Laptop,Electronic,1,10000,0.1,9000,UPI,Sita
510,31-07-2024,C103,Vikram,North,Printer,Electronic,1,2500,0,2500,CARD,Arjun
511,31-07-2024,C102,Priya,West,Table,Furniture,3,20000,0.05,57000,CASH,Sita
512,01-08-2024,C105,Vikram,North,Chair,Furniture,3,2500,0.1,6750,CARD,Arjun
513,01-08-2024,C103,Vikram,East,Chair,Furniture,5,2500,0.05,11875,CASH,Ramesh
514,01-08-2024,C102,Sneha,West,Table,Furniture,1,10000,0.15,8500,CARD,Meena
515,01-08-2024,C105,Priya,North,Tablet,Electronic,3,5000,0,15000,CARD,Sita
516,02-08-2024,C104,Sneha,South,Shirt,Clothing,3,10000,0.1,27000,CARD,Ramesh
517,02-08-2024,C102,Vikram,South,Chair,Furniture,3,2500,0.15,6375,CARD,Meena
518,02-08-2024,C101,Priya,North,Table,Furniture,4,1000,0.1,3600,CARD,Meena
519,03-08-2024,C104,Priya,East,Phone,Electronic,1,5000,0.1,4500,UPI,Meena
520,03-08-2024,C102,Vikram,North,Laptop,Electronic,4,5000,0.1,18000,CARD,Sita
521,03-08-2024,C104,Sneha,North,Chair,Furniture,4,20000,0.15,68000,CASH,Arjun
522,03-08-2024,C103,Vikram,North,Phone,Electronic,2,5000,0.05,9500,CARD,Meena
523,04-08-2024,C105,Ravi,North,Laptop,Electronic,3,1000,0.05,2850,CARD,Arjun
524,04-08-2024,C103,Priya,North,Chair,Furniture,1,10000,0.15,8500,CARD,Meena
525,04-08-2024,C105,Priya,South,Laptop,Electronic,4,20000,0.05,76000,UPI,Arjun
526,04-08-2024,C102,Anjali,South,Chair,Furniture,4,20000,0,80000,UPI,Sita
527,05-08-2024,C102,Vikram,East,Shirt,Clothing,3,2500,0.1,6750,UPI,Meena
528,05-08-2024,C105,Vikram,North,Printer,Electronic,4,2500,0.05,9500,UPI,Arjun
529,05-08-2024,C104,Vikram,West,Table,Furniture,4,2500,0,10000,UPI,Sita
530,05-08-2024,C103,Priya,North,Chair,Furniture,5,1000,0.15,4250,CARD,Meena
531,05-08-2024,C105,Vikram,South,Printer,Electronic,2,20000,0.05,38000,UPI,Meena
532,05-08-2024,C101,Anjali,West,Shirt,Clothing,1,10000,0.15,8500,UPI,Meena
533,05-08-2024,C102,Vikram,North,Printer,Electronic,1,1000,0.05,950,UPI,Sita
534,06-08-2024,C103,Ravi,West,Table,Furniture,1,2500,0.05,2375,UPI,Meena
535,06-08-2024,C101,Vikram,South,Phone,Electronic,1,2500,0.15,2125,UPI,Arjun
536,06-08-2024,C101,Sneha,North,Laptop,Electronic,2,5000,0,10000,CASH,Meena
537,06-08-2024,C104,Ravi,South,Laptop,Electronic,3,5000,0.1,13500,CARD,Ramesh
538,06-08-2024,C105,Priya,West,Chair,Furniture,3,2500,0.15,6375,CARD,Arjun
539,07-08-2024,C103,Anjali,South,Laptop,Electronic,5,5000,0.15,21250,CASH,Sita
540,07-08-2024,C103,Anjali,North,Phone,Electronic,3,2500,0.05,7125,CARD,Meena
541,07-08-2024,C104,Anjali,North,Chair,Furniture,4,10000,0.05,38000,CARD,Arjun
542,09-08-2024,C102,Vikram,North,Table,Furniture,2,10000,0.1,18000,CASH,Arjun
543,09-08-2024,C102,Anjali,East,Laptop,Electronic,1,20000,0.15,17000,CASH,Sita
544,10-08-2024,C104,Vikram,North,Chair,Furniture,1,1000,0.05,950,UPI,Ramesh
545,10-08-2024,C102,Sneha,South,Chair,Furniture,5,5000,0.05,23750,UPI,Arjun
546,10-08-2024,C101,Anjali,East,Table,Furniture,2,1000,0,2000,CARD,Ramesh
547,11-08-2024,C102,Vikram,North,Table,Furniture,1,20000,0,20000,CASH,Arjun
548,11-08-2024,C104,Sneha,South,Chair,Furniture,1,1000,0,1000,CASH,Meena
549,11-08-2024,C101,Priya,North,Phone,Electronic,3,2500,0.05,7125,UPI,Meena
550,11-08-2024,C104,Sneha,South,Printer,Electronic,1,5000,0.1,4500,UPI,Meena
551,11-08-2024,C101,Priya,South,Table,Furniture,1,20000,0,20000,CASH,Sita
552,11-08-2024,C102,Anjali,East,Phone,Electronic,4,2500,0.15,8500,CASH,Sita
553,12-08-2024,C104,Sneha,North,Laptop,Electronic,1,20000,0,20000,CARD,Ramesh
554,12-08-2024,C105,Sneha,South,Laptop,Electronic,1,10000,0,10000,UPI,Ramesh
555,13-08-2024,C103,Ravi,West,Printer,Electronic,3,1000,0.15,2550,CARD,Ramesh
556,13-08-2024,C101,Ravi,South,Tablet,Electronic,1,5000,0.15,4250,UPI,Sita
557,14-08-2024,C102,Anjali,East,Chair,Furniture,2,2500,0,5000,UPI,Sita
558,14-08-2024,C102,Sneha,East,Chair,Furniture,3,2500,0.05,7125,CARD,Meena
559,14-08-2024,C105,Priya,North,Tablet,Electronic,1,1000,0.05,950,UPI,Meena
560,14-08-2024,C101,Sneha,North,Laptop,Electronic,1,1000,0,1000,CASH,Sita
561,14-08-2024,C104,Ravi,East,Phone,Electronic,1,2500,0.1,2250,UPI,Ramesh
562,15-08-2024,C105,Anjali,South,Laptop,Electronic,1,2500,0.15,2125,UPI,Ramesh
563,15-08-2024,C103,Anjali,South,Chair,Furniture,3,1000,0.05,2850,CASH,Meena
564,15-08-2024,C103,Anjali,East,Printer,Electronic,4,2500,0.15,8500,UPI,Meena
565,15-08-2024,C101,Priya,West,Chair,Furniture,2,10000,0.15,17000,UPI,Meena
566,15-08-2024,C104,Ravi,East,Shirt,Clothing,1,5000,0,5000,CARD,Ramesh
567,16-08-2024,C104,Priya,North,Laptop,Electronic,5,2500,0.1,11250,CARD,Arjun
568,17-08-2024,C103,Sneha,South,Phone,Electronic,4,2500,0,10000,UPI,Ramesh
569,17-08-2024,C102,Anjali,North,Tablet,Electronic,2,10000,0.1,18000,CASH,Arjun
570,17-08-2024,C104,Ravi,North,Printer,Electronic,1,1000,0.05,950,CARD,Arjun
571,17-08-2024,C102,Priya,South,Laptop,Electronic,4,2500,0.15,8500,CASH,Arjun
572,17-08-2024,C102,Anjali,North,Table,Furniture,4,2500,0.05,9500,CARD,Arjun
573,17-08-2024,C101,Anjali,North,Phone,Electronic,1,2500,0.1,2250,UPI,Sita
574,17-08-2024,C103,Ravi,East,Chair,Furniture,1,20000,0.15,17000,UPI,Meena
575,17-08-2024,C104,Priya,North,Printer,Electronic,3,2500,0,7500,UPI,Meena
576,18-08-2024,C101,Sneha,North,Shirt,Clothing,2,2500,0.1,4500,UPI,Sita
577,19-08-2024,C105,Ravi,North,Table,Furniture,5,20000,0.05,95000,UPI,Meena
578,19-08-2024,C104,Ravi,West,Laptop,Electronic,2,5000,0.05,9500,UPI,Ramesh
579,19-08-2024,C104,Anjali,North,Phone,Electronic,1,2500,0.05,2375,UPI,Ramesh
580,20-08-2024,C104,Vikram,South,Phone,Electronic,1,10000,0.05,9500,CASH,Ramesh
581,20-08-2024,C102,Ravi,North,Phone,Electronic,5,5000,0.15,21250,CARD,Meena
582,20-08-2024,C101,Sneha,South,Chair,Furniture,2,10000,0.05,19000,CASH,Sita
583,21-08-2024,C101,Sneha,South,Tablet,Electronic,1,5000,0.15,4250,CARD,Meena
584,21-08-2024,C104,Ravi,South,Laptop,Electronic,3,2500,0.1,6750,UPI,Sita
585,22-08-2024,C102,Ravi,North,Chair,Furniture,1,1000,0,1000,CARD,Sita
586,22-08-2024,C103,Priya,South,Printer,Electronic,3,2500,0.05,7125,UPI,Arjun
587,23-08-2024,C102,Priya,South,Phone,Electronic,3,20000,0,60000,UPI,Sita
588,23-08-2024,C101,Sneha,East,Laptop,Electronic,3,1000,0.15,2550,CASH,Meena
589,23-08-2024,C104,Priya,North,Printer,Electronic,5,1000,0,5000,CARD,Sita
590,23-08-2024,C103,Ravi,East,Laptop,Electronic,5,5000,0.15,21250,UPI,Ramesh
591,23-08-2024,C104,Sneha,North,Chair,Furniture,1,10000,0,10000,UPI,Sita
592,23-08-2024,C105,Priya,South,Table,Furniture,2,10000,0.15,17000,CARD,Arjun
593,24-08-2024,C104,Vikram,East,Tablet,Electronic,2,10000,0,20000,CARD,Meena
594,25-08-2024,C104,Anjali,East,Tablet,Electronic,3,10000,0.05,28500,CARD,Ramesh
595,25-08-2024,C104,Ravi,East,Phone,Electronic,1,10000,0.15,8500,UPI,Meena
596,26-08-2024,C105,Priya,North,Shirt,Clothing,4,10000,0.1,36000,CARD,Arjun
597,26-08-2024,C102,Anjali,South,Shirt,Clothing,1,5000,0,5000,CARD,Meena
598,27-08-2024,C105,Vikram,North,Printer,Electronic,5,2500,0.15,10625,CARD,Ramesh
599,27-08-2024,C105,Priya,South,Table,Furniture,5,2500,0,12500,CASH,Arjun
600,27-08-2024,C104,Priya,South,Chair,Furniture,3,2500,0.1,6750,UPI,Ramesh
601,27-08-2024,C103,Priya,East,Tablet,Electronic,1,10000,0,10000,CARD,Sita
602,28-08-2024,C102,Sneha,North,Phone,Electronic,3,20000,0,60000,CASH,Meena
603,28-08-2024,C101,Sneha,East,Shirt,Clothing,5,20000,0.15,85000,UPI,Ramesh
604,28-08-2024,C105,Sneha,North,Laptop,Electronic,3,10000,0.15,25500,CARD,Meena
605,28-08-2024,C104,Ravi,North,Printer,Electronic,4,1000,0.05,3800,UPI,Arjun
606,28-08-2024,C101,Priya,East,Shirt,Clothing,3,20000,0,60000,CARD,Sita
607,29-08-2024,C105,Priya,North,Tablet,Electronic,4,2500,0.1,9000,UPI,Meena
608,29-08-2024,C103,Sneha,South,Chair,Furniture,1,2500,0.15,2125,CARD,Ramesh
609,29-08-2024,C104,Ravi,South,Tablet,Electronic,1,10000,0.05,9500,UPI,Meena
610,29-08-2024,C102,Anjali,East,Tablet,Electronic,1,10000,0,10000,CARD,Sita
611,31-08-2024,C103,Vikram,West,Table,Furniture,2,1000,0.1,1800,UPI,Sita
612,31-08-2024,C104,Sneha,West,Table,Furniture,1,5000,0.05,4750,CARD,Sita
613,01-09-2024,C104,Vikram,South,Table,Furniture,5,2500,0.05,11875,CARD,Meena
614,02-09-2024,C103,Anjali,West,Chair,Furniture,3,5000,0.15,12750,UPI,Ramesh
615,03-09-2024,C101,Priya,South,Printer,Electronic,1,20000,0.15,17000,CASH,Arjun
616,03-09-2024,C102,Ravi,North,Shirt,Clothing,4,2500,0,10000,CARD,Ramesh
617,03-09-2024,C101,Sneha,North,Table,Furniture,5,2500,0.15,10625,CARD,Arjun
618,05-09-2024,C101,Sneha,South,Tablet,Electronic,1,1000,0,1000,CARD,Ramesh
619,05-09-2024,C105,Vikram,West,Tablet,Electronic,5,10000,0.1,45000,CARD,Ramesh
620,06-09-2024,C104,Ravi,West,Shirt,Clothing,2,1000,0,2000,CARD,Meena
621,06-09-2024,C104,Ravi,North,Printer,Electronic,1,5000,0.05,4750,UPI,Sita
622,06-09-2024,C101,Priya,South,Chair,Furniture,3,20000,0.15,51000,CASH,Sita
623,07-09-2024,C101,Anjali,South,Shirt,Clothing,1,10000,0.15,8500,UPI,Arjun
624,07-09-2024,C101,Anjali,North,Printer,Electronic,5,10000,0.15,42500,CARD,Meena
625,07-09-2024,C103,Vikram,South,Chair,Furniture,4,2500,0,10000,CARD,Ramesh
626,08-09-2024,C105,Priya,West,Laptop,Electronic,1,20000,0.15,17000,CARD,Ramesh
627,08-09-2024,C101,Sneha,North,Laptop,Electronic,4,10000,0.05,38000,CARD,Sita
628,09-09-2024,C103,Ravi,North,Table,Furniture,2,2500,0,5000,CASH,Ramesh
629,09-09-2024,C104,Sneha,North,Chair,Furniture,3,2500,0.1,6750,UPI,Sita
630,10-09-2024,C101,Vikram,South,Printer,Electronic,1,20000,0.1,18000,UPI,Arjun
631,12-09-2024,C101,Priya,South,Tablet,Electronic,1,1000,0.15,850,CARD,Ramesh
632,12-09-2024,C101,Ravi,North,Printer,Electronic,2,1000,0.1,1800,UPI,Ramesh
633,12-09-2024,C103,Anjali,South,Table,Furniture,5,5000,0.1,22500,CASH,Ramesh
634,12-09-2024,C102,Ravi,South,Chair,Furniture,1,10000,0.05,9500,UPI,Arjun
635,13-09-2024,C104,Vikram,North,Table,Furniture,3,20000,0.05,57000,CARD,Sita
636,15-09-2024,C101,Priya,North,Tablet,Electronic,3,2500,0.1,6750,CASH,Sita
637,15-09-2024,C104,Priya,North,Table,Furniture,1,2500,0.15,2125,CARD,Meena
638,15-09-2024,C105,Priya,South,Laptop,Electronic,1,5000,0,5000,UPI,Arjun
639,16-09-2024,C102,Vikram,North,Laptop,Electronic,1,20000,0.15,17000,UPI,Ramesh
640,17-09-2024,C105,Sneha,East,Tablet,Electronic,1,5000,0.1,4500,UPI,Arjun
641,17-09-2024,C104,Sneha,South,Printer,Electronic,2,10000,0.1,18000,CASH,Meena
642,17-09-2024,C105,Ravi,South,Shirt,Clothing,2,2500,0.15,4250,CARD,Meena
643,18-09-2024,C102,Ravi,East,Table,Furniture,1,20000,0.05,19000,CASH,Meena
644,19-09-2024,C103,Ravi,West,Tablet,Electronic,1,5000,0.05,4750,UPI,Ramesh
645,19-09-2024,C104,Anjali,North,Shirt,Clothing,1,20000,0,20000,CARD,Ramesh
646,19-09-2024,C102,Ravi,South,Tablet,Electronic,5,20000,0.15,85000,CARD,Ramesh
647,19-09-2024,C102,Priya,South,Laptop,Electronic,5,10000,0,50000,CARD,Sita
648,20-09-2024,C101,Priya,West,Tablet,Electronic,1,5000,0.05,4750,CARD,Arjun
649,20-09-2024,C105,Vikram,North,Tablet,Electronic,2,2500,0.1,4500,UPI,Arjun
650,22-09-2024,C105,Anjali,West,Tablet,Electronic,3,2500,0.15,6375,CASH,Arjun
651,22-09-2024,C105,Ravi,North,Shirt,Clothing,4,2500,0.05,9500,UPI,Meena
652,23-09-2024,C104,Anjali,East,Laptop,Electronic,5,10000,0.05,47500,CARD,Arjun
653,23-09-2024,C103,Vikram,North,Printer,Electronic,3,5000,0,15000,CASH,Arjun
654,24-09-2024,C101,Vikram,West,Printer,Electronic,2,10000,0.15,17000,CASH,Meena
655,25-09-2024,C103,Vikram,South,Printer,Electronic,1,10000,0,10000,CARD,Ramesh
656,25-09-2024,C103,Vikram,North,Table,Furniture,1,1000,0.15,850,CARD,Ramesh
657,26-09-2024,C101,Anjali,North,Table,Furniture,4,1000,0.05,3800,CARD,Arjun
658,27-09-2024,C104,Priya,South,Laptop,Electronic,5,2500,0.15,10625,CARD,Sita
659,27-09-2024,C102,Ravi,North,Phone,Electronic,3,5000,0,15000,CARD,Sita
660,27-09-2024,C104,Sneha,West,Printer,Electronic,1,5000,0.15,4250,CASH,Ramesh
661,28-09-2024,C105,Ravi,South,Shirt,Clothing,1,5000,0,5000,UPI,Sita
662,28-09-2024,C104,Sneha,East,Shirt,Clothing,1,1000,0.1,900,UPI,Sita
663,28-09-2024,C102,Sneha,North,Tablet,Electronic,1,5000,0.05,4750,CARD,Ramesh
664,30-09-2024,C101,Sneha,North,Chair,Furniture,1,5000,0.15,4250,CARD,Sita
665,30-09-2024,C101,Ravi,South,Tablet,Electronic,2,10000,0.05,19000,UPI,Arjun
666,30-09-2024,C103,Ravi,North,Tablet,Electronic,4,5000,0.1,18000,CARD,Sita
667,30-09-2024,C102,Vikram,North,Phone,Electronic,4,1000,0.15,3400,CARD,Ramesh
668,30-09-2024,C102,Vikram,West,Laptop,Electronic,5,1000,0,5000,CASH,Meena
669,01-10-2024,C104,Priya,North,Chair,Furniture,2,2500,0,5000,UPI,Arjun
670,01-10-2024,C105,Sneha,South,Shirt,Clothing,1,20000,0.1,18000,UPI,Sita
671,01-10-2024,C105,Sneha,South,Laptop,Electronic,5,2500,0,12500,CARD,Meena
672,01-10-2024,C104,Vikram,North,Printer,Electronic,2,2500,0.05,4750,CARD,Meena
673,02-10-2024,C102,Ravi,North,Tablet,Electronic,4,2500,0.1,9000,CASH,Sita
674,03-10-2024,C104,Vikram,South,Phone,Electronic,1,5000,0,5000,UPI,Arjun
675,04-10-2024,C105,Priya,North,Laptop,Electronic,2,20000,0,40000,CARD,Sita
676,04-10-2024,C105,Sneha,North,Tablet,Electronic,2,20000,0.1,36000,CARD,Ramesh
677,05-10-2024,C105,Priya,North,Laptop,Electronic,4,10000,0.1,36000,CASH,Sita
678,05-10-2024,C102,Anjali,West,Shirt,Clothing,5,20000,0.1,90000,CASH,Meena
679,05-10-2024,C102,Anjali,East,Chair,Furniture,1,5000,0,5000,UPI,Meena
680,06-10-2024,C105,Sneha,North,Table,Furniture,1,10000,0,10000,UPI,Ramesh
681,06-10-2024,C105,Ravi,South,Laptop,Electronic,1,1000,0.05,950,UPI,Sita
682,06-10-2024,C103,Priya,South,Phone,Electronic,4,10000,0.1,36000,UPI,Meena
683,08-10-2024,C102,Ravi,West,Shirt,Clothing,4,2500,0.1,9000,UPI,Ramesh
684,09-10-2024,C104,Vikram,North,Phone,Electronic,1,10000,0.1,9000,CASH,Ramesh
685,09-10-2024,C101,Sneha,West,Phone,Electronic,1,10000,0,10000,CASH,Arjun
686,09-10-2024,C102,Anjali,West,Chair,Furniture,1,1000,0.1,900,UPI,Meena
687,10-10-2024,C104,Anjali,North,Shirt,Clothing,5,20000,0.05,95000,CARD,Meena
688,10-10-2024,C103,Priya,South,Table,Furniture,1,20000,0,20000,CASH,Arjun
689,10-10-2024,C101,Vikram,West,Phone,Electronic,3,2500,0.1,6750,UPI,Meena
690,11-10-2024,C105,Anjali,East,Printer,Electronic,5,2500,0,12500,UPI,Meena
691,11-10-2024,C101,Sneha,North,Tablet,Electronic,5,5000,0.15,21250,CASH,Arjun
692,12-10-2024,C102,Priya,West,Laptop,Electronic,1,5000,0.05,4750,UPI,Ramesh
693,12-10-2024,C103,Anjali,North,Tablet,Electronic,4,1000,0.05,3800,UPI,Meena
694,12-10-2024,C104,Vikram,North,Table,Furniture,1,1000,0,1000,CARD,Sita
695,12-10-2024,C101,Priya,North,Printer,Electronic,4,2500,0,10000,CARD,Arjun
696,12-10-2024,C104,Anjali,North,Shirt,Clothing,1,5000,0.15,4250,CARD,Sita
697,13-10-2024,C105,Sneha,South,Laptop,Electronic,2,1000,0.15,1700,CARD,Meena
698,13-10-2024,C104,Ravi,East,Phone,Electronic,3,10000,0.1,27000,UPI,Meena
699,14-10-2024,C105,Sneha,North,Printer,Electronic,1,1000,0.1,900,UPI,Meena
700,14-10-2024,C104,Anjali,South,Tablet,Electronic,2,5000,0,10000,UPI,Sita
701,15-10-2024,C101,Ravi,South,Laptop,Electronic,2,1000,0.05,1900,CARD,Ramesh
702,16-10-2024,C103,Vikram,South,Chair,Furniture,4,10000,0.05,38000,CASH,Sita
703,16-10-2024,C103,Ravi,North,Shirt,Clothing,2,1000,0.15,1700,UPI,Sita
704,17-10-2024,C105,Priya,South,Table,Furniture,3,20000,0,60000,CARD,Ramesh
705,17-10-2024,C105,Anjali,North,Laptop,Electronic,4,2500,0.1,9000,UPI,Meena
706,18-10-2024,C102,Anjali,North,Chair,Furniture,3,2500,0.15,6375,UPI,Arjun
707,18-10-2024,C105,Ravi,West,Shirt,Clothing,5,5000,0.05,23750,CASH,Meena
708,18-10-2024,C101,Priya,South,Chair,Furniture,5,1000,0.1,4500,CARD,Ramesh
709,18-10-2024,C103,Sneha,East,Tablet,Electronic,2,1000,0.1,1800,CARD,Ramesh
710,18-10-2024,C103,Ravi,South,Chair,Furniture,1,1000,0,1000,CARD,Arjun
711,19-10-2024,C101,Anjali,West,Tablet,Electronic,3,1000,0,3000,CARD,Ramesh
712,19-10-2024,C103,Sneha,South,Chair,Furniture,1,5000,0.1,4500,CARD,Sita
713,19-10-2024,C105,Vikram,North,Phone,Electronic,1,5000,0.1,4500,UPI,Sita
714,20-10-2024,C102,Sneha,South,Tablet,Electronic,3,2500,0,7500,UPI,Arjun
715,20-10-2024,C101,Ravi,North,Shirt,Clothing,5,20000,0.05,95000,UPI,Sita
716,20-10-2024,C102,Anjali,North,Chair,Furniture,5,2500,0.05,11875,CARD,Ramesh
717,20-10-2024,C105,Priya,West,Phone,Electronic,5,10000,0.1,45000,UPI,Sita
718,20-10-2024,C102,Priya,East,Tablet,Electronic,3,10000,0.05,28500,UPI,Arjun
719,21-10-2024,C105,Anjali,West,Laptop,Electronic,1,1000,0.05,950,CASH,Sita
720,21-10-2024,C104,Ravi,East,Chair,Furniture,4,1000,0.15,3400,CARD,Ramesh
721,22-10-2024,C105,Vikram,South,Printer,Electronic,5,2500,0.05,11875,CARD,Arjun
722,23-10-2024,C104,Sneha,West,Chair,Furniture,2,1000,0.15,1700,UPI,Ramesh
723,24-10-2024,C102,Anjali,North,Tablet,Electronic,3,2500,0.1,6750,CARD,Meena
724,24-10-2024,C101,Ravi,South,Printer,Electronic,1,20000,0.1,18000,CASH,Meena
725,25-10-2024,C104,Sneha,North,Printer,Electronic,5,2500,0.1,11250,CARD,Arjun
726,25-10-2024,C101,Vikram,North,Laptop,Electronic,3,10000,0.1,27000,CARD,Arjun
727,25-10-2024,C104,Ravi,South,Chair,Furniture,1,10000,0,10000,CARD,Ramesh
728,25-10-2024,C101,Anjali,North,Chair,Furniture,1,5000,0.15,4250,CARD,Sita
729,26-10-2024,C103,Sneha,South,Shirt,Clothing,1,1000,0.15,850,UPI,Ramesh
730,27-10-2024,C101,Priya,North,Printer,Electronic,5,2500,0.15,10625,CARD,Meena
731,27-10-2024,C102,Sneha,South,Table,Furniture,5,1000,0.05,4750,UPI,Meena
732,27-10-2024,C104,Priya,East,Printer,Electronic,3,1000,0.1,2700,UPI,Ramesh
733,27-10-2024,C101,Anjali,East,Shirt,Clothing,3,5000,0.05,14250,CARD,Ramesh
734,30-10-2024,C101,Sneha,North,Tablet,Electronic,1,10000,0.05,9500,CARD,Meena
735,31-10-2024,C103,Sneha,East,Chair,Furniture,5,10000,0,50000,UPI,Meena
736,01-11-2024,C102,Priya,South,Chair,Furniture,5,2500,0.1,11250,UPI,Meena
737,01-11-2024,C105,Anjali,East,Chair,Furniture,1,5000,0.15,4250,CARD,Arjun
738,01-11-2024,C103,Vikram,East,Table,Furniture,5,10000,0.05,47500,UPI,Arjun
739,01-11-2024,C103,Anjali,East,Laptop,Electronic,2,10000,0.15,17000,UPI,Ramesh
740,01-11-2024,C104,Ravi,South,Tablet,Electronic,2,2500,0.05,4750,CARD,Sita
741,02-11-2024,C102,Vikram,West,Laptop,Electronic,5,2500,0.15,10625,UPI,Meena
742,02-11-2024,C103,Anjali,North,Laptop,Electronic,4,1000,0.1,3600,UPI,Arjun
743,02-11-2024,C103,Priya,East,Table,Furniture,1,2500,0.15,2125,CASH,Meena
744,02-11-2024,C101,Priya,South,Chair,Furniture,1,1000,0,1000,UPI,Sita
745,02-11-2024,C101,Priya,South,Table,Furniture,4,10000,0.1,36000,CARD,Arjun
746,03-11-2024,C104,Priya,West,Printer,Electronic,2,2500,0.1,4500,CARD,Arjun
747,04-11-2024,C103,Vikram,South,Table,Furniture,5,20000,0,100000,CARD,Ramesh
748,04-11-2024,C101,Vikram,North,Shirt,Clothing,2,1000,0.15,1700,CASH,Ramesh
749,04-11-2024,C101,Priya,East,Tablet,Electronic,1,5000,0.05,4750,UPI,Ramesh
750,05-11-2024,C101,Ravi,North,Phone,Electronic,2,2500,0.05,4750,CASH,Arjun
751,05-11-2024,C102,Priya,North,Tablet,Electronic,4,2500,0,10000,UPI,Arjun
752,06-11-2024,C104,Vikram,South,Phone,Electronic,4,1000,0.05,3800,UPI,Arjun
753,06-11-2024,C101,Vikram,East,Table,Furniture,1,20000,0.05,19000,UPI,Arjun
754,06-11-2024,C105,Ravi,North,Table,Furniture,2,10000,0.15,17000,UPI,Meena
755,06-11-2024,C105,Priya,South,Tablet,Electronic,3,10000,0.1,27000,UPI,Sita
756,06-11-2024,C104,Sneha,South,Laptop,Electronic,3,1000,0.1,2700,UPI,Ramesh
757,07-11-2024,C101,Anjali,North,Chair,Furniture,1,5000,0.05,4750,CARD,Ramesh
758,07-11-2024,C102,Ravi,North,Shirt,Clothing,2,20000,0.15,34000,CARD,Sita
759,07-11-2024,C101,Anjali,West,Tablet,Electronic,4,20000,0.15,68000,UPI,Sita
760,08-11-2024,C104,Vikram,East,Chair,Furniture,2,1000,0.15,1700,UPI,Ramesh
761,09-11-2024,C105,Ravi,East,Table,Furniture,5,10000,0.1,45000,UPI,Arjun
762,09-11-2024,C103,Vikram,South,Chair,Furniture,1,10000,0,10000,CASH,Arjun
763,10-11-2024,C105,Vikram,North,Chair,Furniture,1,20000,0.1,18000,CARD,Sita
764,10-11-2024,C103,Vikram,East,Table,Furniture,2,2500,0.15,4250,CASH,Meena
765,10-11-2024,C101,Ravi,West,Tablet,Electronic,2,2500,0.05,4750,CASH,Ramesh
766,10-11-2024,C104,Priya,East,Phone,Electronic,5,20000,0.15,85000,CARD,Arjun
767,10-11-2024,C103,Vikram,West,Tablet,Electronic,2,10000,0.15,17000,CARD,Ramesh
768,10-11-2024,C103,Vikram,East,Printer,Electronic,5,5000,0.15,21250,UPI,Arjun
769,11-11-2024,C103,Anjali,East,Chair,Furniture,3,10000,0.05,28500,CARD,Sita
770,11-11-2024,C102,Vikram,North,Phone,Electronic,1,5000,0,5000,CARD,Sita
771,12-11-2024,C105,Sneha,West,Shirt,Clothing,3,5000,0,15000,UPI,Sita
772,12-11-2024,C105,Anjali,East,Phone,Electronic,1,1000,0.15,850,UPI,Arjun
773,12-11-2024,C104,Ravi,South,Shirt,Clothing,5,20000,0.15,85000,UPI,Ramesh
774,13-11-2024,C104,Sneha,South,Tablet,Electronic,1,5000,0.05,4750,UPI,Ramesh
775,13-11-2024,C102,Sneha,North,Laptop,Electronic,4,1000,0,4000,CASH,Ramesh
776,14-11-2024,C101,Ravi,East,Chair,Furniture,1,20000,0.15,17000,CASH,Arjun
777,14-11-2024,C105,Vikram,West,Tablet,Electronic,1,2500,0.05,2375,UPI,Ramesh
778,15-11-2024,C101,Vikram,West,Tablet,Electronic,4,1000,0.1,3600,CASH,Meena
779,15-11-2024,C105,Sneha,South,Laptop,Electronic,2,1000,0.05,1900,CASH,Ramesh
780,15-11-2024,C102,Sneha,West,Tablet,Electronic,2,2500,0.15,4250,UPI,Ramesh
781,16-11-2024,C102,Vikram,North,Chair,Furniture,2,20000,0.1,36000,CASH,Ramesh
782,16-11-2024,C101,Sneha,South,Tablet,Electronic,2,20000,0.15,34000,CARD,Ramesh
783,17-11-2024,C103,Anjali,West,Shirt,Clothing,5,20000,0,100000,CASH,Sita
784,17-11-2024,C105,Vikram,South,Shirt,Clothing,5,20000,0.05,95000,CARD,Ramesh
785,18-11-2024,C102,Anjali,South,Laptop,Electronic,1,2500,0.1,2250,UPI,Ramesh
786,18-11-2024,C103,Vikram,North,Tablet,Electronic,3,5000,0.05,14250,CARD,Arjun
787,18-11-2024,C101,Vikram,West,Shirt,Clothing,1,20000,0.1,18000,CARD,Arjun
788,19-11-2024,C104,Sneha,South,Chair,Furniture,2,20000,0,40000,CASH,Arjun
789,19-11-2024,C104,Sneha,East,Phone,Electronic,1,1000,0.15,850,CASH,Sita
790,19-11-2024,C105,Priya,North,Phone,Electronic,1,10000,0,10000,UPI,Ramesh
791,19-11-2024,C102,Anjali,East,Printer,Electronic,2,20000,0.1,36000,CARD,Sita
792,19-11-2024,C104,Vikram,North,Tablet,Electronic,3,20000,0,60000,CARD,Ramesh
793,19-11-2024,C102,Anjali,East,Table,Furniture,2,2500,0,5000,UPI,Ramesh
794,20-11-2024,C101,Sneha,North,Printer,Electronic,3,2500,0.05,7125,UPI,Arjun
795,20-11-2024,C103,Ravi,South,Laptop,Electronic,1,5000,0,5000,CARD,Sita
796,21-11-2024,C102,Sneha,East,Shirt,Clothing,4,1000,0.05,3800,UPI,Meena
797,21-11-2024,C104,Sneha,South,Chair,Furniture,5,2500,0.05,11875,CARD,Sita
798,21-11-2024,C102,Anjali,North,Chair,Furniture,2,20000,0.05,38000,CARD,Meena
799,21-11-2024,C105,Vikram,East,Phone,Electronic,1,20000,0.05,19000,UPI,Arjun
800,21-11-2024,C102,Anjali,South,Phone,Electronic,5,2500,0.15,10625,CARD,Sita
801,22-11-2024,C102,Ravi,East,Shirt,Clothing,2,20000,0,40000,CARD,Ramesh
802,22-11-2024,C105,Priya,South,Phone,Electronic,2,2500,0,5000,UPI,Arjun
803,22-11-2024,C104,Ravi,North,Shirt,Clothing,2,2500,0.1,4500,CARD,Ramesh
804,22-11-2024,C103,Ravi,East,Shirt,Clothing,1,5000,0.05,4750,CARD,Ramesh
805,24-11-2024,C101,Vikram,South,Tablet,Electronic,1,2500,0.15,2125,CASH,Ramesh
806,25-11-2024,C102,Vikram,North,Table,Furniture,3,5000,0.05,14250,UPI,Ramesh
807,25-11-2024,C105,Vikram,South,Shirt,Clothing,3,5000,0.1,13500,CARD,Meena
808,26-11-2024,C104,Priya,South,Shirt,Clothing,3,2500,0.05,7125,UPI,Ramesh
809,26-11-2024,C102,Anjali,North,Tablet,Electronic,1,20000,0.1,18000,CARD,Meena
810,26-11-2024,C102,Ravi,South,Laptop,Electronic,3,5000,0,15000,CASH,Sita
811,27-11-2024,C104,Anjali,South,Table,Furniture,3,5000,0,15000,CARD,Sita
812,27-11-2024,C105,Priya,West,Shirt,Clothing,1,1000,0.15,850,UPI,Arjun
813,27-11-2024,C102,Anjali,South,Shirt,Clothing,1,10000,0.05,9500,CARD,Ramesh
814,28-11-2024,C103,Vikram,North,Tablet,Electronic,4,5000,0.15,17000,UPI,Meena
815,28-11-2024,C101,Sneha,East,Printer,Electronic,1,20000,0.15,17000,CARD,Ramesh
816,28-11-2024,C102,Priya,South,Table,Furniture,2,5000,0.05,9500,CARD,Meena
817,29-11-2024,C103,Anjali,West,Printer,Electronic,3,2500,0,7500,UPI,Ramesh
818,29-11-2024,C103,Anjali,South,Shirt,Clothing,1,1000,0.1,900,CARD,Meena
819,29-11-2024,C104,Vikram,North,Printer,Electronic,3,5000,0.05,14250,UPI,Ramesh
820,29-11-2024,C103,Sneha,East,Phone,Electronic,1,20000,0.05,19000,CARD,Sita
821,30-11-2024,C101,Anjali,South,Laptop,Electronic,3,20000,0.05,57000,CARD,Sita
822,01-12-2024,C104,Priya,North,Chair,Furniture,1,2500,0.15,2125,UPI,Ramesh
823,01-12-2024,C103,Priya,North,Laptop,Electronic,3,5000,0.1,13500,CARD,Ramesh
824,01-12-2024,C103,Ravi,South,Table,Furniture,1,20000,0.05,19000,UPI,Sita
825,01-12-2024,C101,Anjali,North,Printer,Electronic,1,1000,0,1000,CARD,Meena
826,02-12-2024,C105,Vikram,North,Shirt,Clothing,4,20000,0.05,76000,CASH,Ramesh
827,03-12-2024,C102,Anjali,North,Laptop,Electronic,5,20000,0.15,85000,CARD,Meena
828,03-12-2024,C102,Anjali,South,Phone,Electronic,1,20000,0.15,17000,UPI,Sita
829,03-12-2024,C104,Anjali,East,Table,Furniture,2,5000,0.1,9000,CARD,Ramesh
830,04-12-2024,C105,Sneha,North,Printer,Electronic,3,5000,0.15,12750,CARD,Arjun
831,04-12-2024,C105,Anjali,North,Table,Furniture,1,20000,0.1,18000,UPI,Meena
832,05-12-2024,C101,Ravi,North,Table,Furniture,5,20000,0.05,95000,CARD,Sita
833,05-12-2024,C101,Ravi,East,Phone,Electronic,1,1000,0,1000,CASH,Ramesh
834,05-12-2024,C101,Ravi,North,Phone,Electronic,5,20000,0,100000,UPI,Ramesh
835,06-12-2024,C103,Vikram,North,Chair,Furniture,5,10000,0,50000,UPI,Sita
836,07-12-2024,C103,Priya,West,Phone,Electronic,1,1000,0.1,900,UPI,Sita
837,07-12-2024,C103,Ravi,North,Chair,Furniture,1,2500,0.1,2250,CARD,Ramesh
838,07-12-2024,C104,Sneha,North,Printer,Electronic,1,5000,0,5000,CARD,Arjun
839,07-12-2024,C103,Sneha,North,Chair,Furniture,4,1000,0.1,3600,CARD,Arjun
840,08-12-2024,C103,Priya,North,Shirt,Clothing,1,20000,0,20000,CASH,Arjun
841,08-12-2024,C102,Vikram,East,Phone,Electronic,4,10000,0.15,34000,UPI,Sita
842,09-12-2024,C101,Ravi,South,Tablet,Electronic,1,2500,0.15,2125,CASH,Sita
843,10-12-2024,C104,Ravi,North,Phone,Electronic,5,2500,0.15,10625,CARD,Ramesh
844,10-12-2024,C101,Vikram,South,Table,Furniture,1,5000,0.15,4250,CASH,Meena
845,10-12-2024,C101,Priya,East,Chair,Furniture,5,5000,0.15,21250,CARD,Ramesh
846,11-12-2024,C105,Anjali,West,Phone,Electronic,2,2500,0.1,4500,UPI,Arjun
847,11-12-2024,C105,Sneha,North,Laptop,Electronic,1,1000,0.15,850,CARD,Meena
848,12-12-2024,C105,Sneha,North,Phone,Electronic,2,10000,0,20000,CARD,Ramesh
849,12-12-2024,C102,Vikram,North,Phone,Electronic,4,10000,0.1,36000,UPI,Arjun
850,12-12-2024,C103,Vikram,East,Chair,Furniture,5,2500,0.05,11875,UPI,Ramesh
851,13-12-2024,C101,Sneha,South,Shirt,Clothing,5,10000,0.1,45000,CARD,Ramesh
852,14-12-2024,C104,Ravi,West,Shirt,Clothing,3,1000,0,3000,CARD,Meena
853,15-12-2024,C103,Ravi,North,Chair,Furniture,5,5000,0,25000,CASH,Ramesh
854,16-12-2024,C103,Vikram,North,Laptop,Electronic,3,5000,0.05,14250,UPI,Arjun
855,16-12-2024,C102,Priya,West,Table,Furniture,2,2500,0,5000,CASH,Meena
856,16-12-2024,C102,Anjali,East,Printer,Electronic,2,5000,0,10000,UPI,Arjun
857,16-12-2024,C103,Anjali,West,Shirt,Clothing,4,10000,0.1,36000,UPI,Meena
858,16-12-2024,C103,Sneha,West,Printer,Electronic,5,20000,0,100000,CARD,Meena
859,17-12-2024,C102,Vikram,West,Printer,Electronic,1,20000,0,20000,CARD,Sita
860,17-12-2024,C105,Ravi,South,Table,Furniture,1,2500,0.15,2125,CASH,Ramesh
861,18-12-2024,C103,Ravi,East,Laptop,Electronic,1,5000,0,5000,CARD,Meena
862,18-12-2024,C103,Sneha,North,Shirt,Clothing,5,10000,0.15,42500,UPI,Ramesh
863,19-12-2024,C103,Vikram,South,Tablet,Electronic,5,20000,0.05,95000,UPI,Sita
864,19-12-2024,C104,Ravi,West,Laptop,Electronic,1,1000,0,1000,UPI,Arjun
865,21-12-2024,C101,Priya,South,Phone,Electronic,1,10000,0.1,9000,UPI,Sita
866,21-12-2024,C103,Ravi,East,Phone,Electronic,1,10000,0,10000,UPI,Ramesh
867,21-12-2024,C103,Vikram,West,Table,Furniture,1,10000,0,10000,CARD,Arjun
868,21-12-2024,C101,Anjali,South,Table,Furniture,3,20000,0.1,54000,CARD,Ramesh
869,21-12-2024,C101,Vikram,North,Shirt,Clothing,2,20000,0,40000,CARD,Meena
870,21-12-2024,C102,Ravi,South,Tablet,Electronic,1,2500,0.1,2250,UPI,Arjun
871,22-12-2024,C105,Vikram,North,Chair,Furniture,2,5000,0.15,8500,CARD,Sita
872,23-12-2024,C103,Ravi,East,Shirt,Clothing,2,2500,0.15,4250,CASH,Meena
873,23-12-2024,C102,Sneha,North,Table,Furniture,5,1000,0.15,4250,UPI,Meena
874,23-12-2024,C104,Ravi,South,Phone,Electronic,1,5000,0.1,4500,CASH,Sita
875,23-12-2024,C103,Ravi,North,Tablet,Electronic,4,1000,0.1,3600,CASH,Arjun
876,23-12-2024,C105,Sneha,West,Printer,Electronic,2,2500,0.05,4750,CASH,Ramesh
877,23-12-2024,C102,Anjali,East,Phone,Electronic,1,2500,0.1,2250,UPI,Meena
878,23-12-2024,C105,Ravi,South,Tablet,Electronic,1,1000,0.1,900,CARD,Meena
879,24-12-2024,C105,Priya,West,Tablet,Electronic,2,20000,0,40000,UPI,Arjun
880,25-12-2024,C103,Priya,East,Chair,Furniture,4,2500,0.1,9000,UPI,Sita
881,25-12-2024,C105,Priya,North,Table,Furniture,5,5000,0.05,23750,UPI,Ramesh
882,26-12-2024,C101,Anjali,North,Printer,Electronic,2,5000,0.1,9000,CARD,Meena
883,26-12-2024,C102,Sneha,South,Shirt,Clothing,1,1000,0.05,950,UPI,Ramesh
884,26-12-2024,C105,Anjali,East,Shirt,Clothing,1,2500,0.05,2375,CASH,Ramesh
885,26-12-2024,C101,Sneha,South,Printer,Electronic,3,20000,0.15,51000,CARD,Sita
886,27-12-2024,C101,Vikram,East,Printer,Electronic,2,1000,0.05,1900,UPI,Sita
887,27-12-2024,C102,Anjali,East,Printer,Electronic,4,5000,0.1,18000,CARD,Sita
888,28-12-2024,C103,Vikram,North,Chair,Furniture,3,20000,0,60000,CASH,Ramesh
889,29-12-2024,C104,Priya,South,Shirt,Clothing,2,10000,0.15,17000,CARD,Ramesh
890,30-12-2024,C104,Sneha,West,Phone,Electronic,2,5000,0,10000,CARD,Ramesh
891,30-12-2024,C104,Anjali,North,Shirt,Clothing,3,2500,0.05,7125,CARD,Ramesh
892,31-12-2024,C101,Sneha,South,Chair,Furniture,1,2500,0,2500,CARD,Arjun
893,31-12-2024,C105,Priya,South,Printer,Electronic,5,20000,0.1,90000,UPI,Ramesh
894,31-12-2024,C104,Vikram,North,Phone,Electronic,2,1000,0.05,1900,UPI,Ramesh
895,FALSE,C102,Anjali,East,Tablet,Electronic,2,1000,0.1,1800,UPI,Arjun
896,FALSE,C102,Ravi,North,Printer,Electronic,2,1000,0,2000,UPI,Meena
897,FALSE,C105,Sneha,North,Printer,Electronic,3,10000,0.05,28500,CARD,Arjun
898,FALSE,C104,Ravi,North,Phone,Electronic,1,1000,0.1,900,CASH,Arjun
899,FALSE,C103,Anjali,West,Phone,Electronic,1,1000,0.15,850,CASH,Meena
900,FALSE,C102,Ravi,North,Table,Furniture,4,1000,0.1,3600,CARD,Sita
901,FALSE,C105,Anjali,South,Phone,Electronic,1,5000,0,5000,CARD,Sita
902,FALSE,C103,Anjali,North,Table,Furniture,1,5000,0.05,4750,UPI,Meena
903,FALSE,C103,Ravi,South,Shirt,Clothing,1,20000,0.05,19000,CASH,Ramesh
904,FALSE,C104,Vikram,North,Printer,Electronic,2,2500,0,5000,CARD,Sita
905,FALSE,C101,Priya,North,Shirt,Clothing,5,5000,0,25000,CARD,Arjun
906,FALSE,C105,Sneha,South,Phone,Electronic,1,5000,0.1,4500,CARD,Meena
907,FALSE,C103,Sneha,North,Table,Furniture,1,10000,0.15,8500,UPI,Arjun
908,FALSE,C101,Ravi,West,Chair,Furniture,1,2500,0.05,2375,CASH,Ramesh
909,FALSE,C105,Ravi,North,Chair,Furniture,5,1000,0.15,4250,UPI,Sita
910,FALSE,C104,Sneha,South,Phone,Electronic,5,10000,0.1,45000,CARD,Ramesh
911,FALSE,C102,Priya,North,Laptop,Electronic,2,1000,0.1,1800,UPI,Sita
912,FALSE,C104,Sneha,South,Printer,Electronic,4,20000,0.05,76000,CARD,Sita
913,FALSE,C103,Sneha,North,Printer,Electronic,5,20000,0.15,85000,CASH,Arjun
914,FALSE,C101,Vikram,East,Table,Furniture,2,2500,0.15,4250,UPI,Ramesh
915,FALSE,C102,Vikram,West,Phone,Electronic,2,1000,0,2000,UPI,Sita
916,FALSE,C102,Vikram,North,Chair,Furniture,4,20000,0.1,72000,CASH,Ramesh
917,FALSE,C105,Priya,South,Tablet,Electronic,4,2500,0,10000,UPI,Sita
918,FALSE,C105,Priya,North,Phone,Electronic,1,10000,0.1,9000,CARD,Sita
919,FALSE,C101,Priya,West,Table,Furniture,4,1000,0.15,3400,CARD,Sita
920,FALSE,C103,Sneha,West,Laptop,Electronic,1,5000,0.1,4500,CASH,Sita
921,FALSE,C102,Ravi,East,Phone,Electronic,1,20000,0.1,18000,CARD,Meena
922,FALSE,C103,Vikram,West,Shirt,Clothing,4,20000,0.15,68000,UPI,Arjun
923,FALSE,C105,Sneha,West,Shirt,Clothing,1,2500,0.15,2125,CARD,Arjun
924,FALSE,C105,Vikram,West,Printer,Electronic,1,2500,0.05,2375,UPI,Sita
925,FALSE,C102,Vikram,South,Tablet,Electronic,2,2500,0.1,4500,CARD,Meena
926,FALSE,C103,Priya,West,Laptop,Electronic,1,20000,0.05,19000,UPI,Meena
927,FALSE,C101,Ravi,North,Chair,Furniture,1,2500,0.05,2375,CARD,Meena
928,FALSE,C101,Anjali,North,Laptop,Electronic,1,2500,0,2500,UPI,Arjun
929,FALSE,C103,Ravi,North,Laptop,Electronic,4,5000,0.05,19000,UPI,Ramesh
930,FALSE,C103,Vikram,South,Table,Furniture,1,2500,0,2500,CARD,Arjun
931,FALSE,C105,Ravi,West,Shirt,Clothing,1,1000,0.1,900,CASH,Meena
932,FALSE,C103,Priya,South,Tablet,Electronic,1,5000,0.1,4500,UPI,Ramesh
933,FALSE,C102,Sneha,South,Phone,Electronic,4,5000,0,20000,UPI,Sita
934,FALSE,C102,Priya,West,Phone,Electronic,4,10000,0.15,34000,CARD,Arjun
935,FALSE,C104,Priya,East,Phone,Electronic,3,1000,0.15,2550,UPI,Sita
936,FALSE,C104,Ravi,South,Shirt,Clothing,3,20000,0,60000,UPI,Meena
937,FALSE,C105,Ravi,North,Phone,Electronic,5,2500,0.15,10625,CARD,Meena
938,FALSE,C104,Sneha,North,Tablet,Electronic,5,10000,0.05,47500,CARD,Sita
939,FALSE,C103,Ravi,West,Table,Furniture,1,2500,0.15,2125,UPI,Sita
940,FALSE,C103,Ravi,South,Phone,Electronic,2,5000,0.05,9500,CARD,Ramesh
941,FALSE,C105,Anjali,West,Printer,Electronic,2,5000,0.05,9500,UPI,Ramesh
942,FALSE,C105,Priya,North,Chair,Furniture,4,2500,0.05,9500,UPI,Sita
